INSERT INTO person (person_id, first_name, last_name, ssn)
VALUES (default, 'Jermaine', 'Vaughan', '19.823.606-3'),
       (default, 'Bertha', 'Bullock', '36.357.866-7'),
       (default, 'Rooney', 'Schneider', '4.378.053-0'),
       (default, 'Armand', 'Carney', '48.652.435-9'),
       (default, 'Adrian', 'Gay', '23.657.230-7'),
       (default, 'Angela', 'Gilliam', '40.346.692-1'),
       (default, 'Harrison', 'Ball', '4.594.527-8'),
       (default, 'Marcia', 'Mueller', '15.918.445-5'),
       (default, 'Robert', 'Roth', '8.340.256-3'),
       (default, 'Isadora', 'Chambers', '28.737.886-6'),
       (default, 'Vincent', 'Hawkins', '798.393-K'),
       (default, 'Dustin', 'Vance', '48.906.679-3'),
       (default, 'Nyssa', 'Kent', '39.572.335-9'),
       (default, 'Lana', 'Gray', '49.867.312-0'),
       (default, 'Honorato', 'Guerrero', '12.118.446-K'),
       (default, 'Anastasia', 'Adams', '25.843.173-1'),
       (default, 'Kieran', 'Pena', '7.841.659-9'),
       (default, 'Jelani', 'Sandoval', '34.325.306-0'),
       (default, 'Inga', 'Robles', '4.996.318-1'),
       (default, 'Hedwig', 'Kline', '15.476.641-3'),
       (default, 'Micah', 'Daugherty', '27.965.553-2'),
       (default, 'Josephine', 'Massey', '6.870.176-7'),
       (default, 'Acton', 'Riddle', '650.154-0'),
       (default, 'Riley', 'Suarez', '35.657.997-6'),
       (default, 'Richard', 'Faulkner', '1.129.920-2'),
       (default, 'Donovan', 'Hartman', '2.723.333-3'),
       (default, 'Kieran', 'Mejia', '21.218.865-4'),
       (default, 'Joelle', 'Baldwin', '21.105.584-7'),
       (default, 'Brooke', 'Grimes', '44.161.725-9'),
       (default, 'Lane', 'Pierce', '7.871.184-1'),
       (default, 'Debra', 'Whitney', '4.955.118-5'),
       (default, 'Guy', 'Delgado', '12.479.560-5'),
       (default, 'Tara', 'Wilkins', '18.651.809-8'),
       (default, 'Raja', 'Delaney', '44.580.155-0'),
       (default, 'Ramona', 'Mckinney', '32.263.203-7'),
       (default, 'Eliana', 'Orr', '40.750.414-3'),
       (default, 'Jin', 'Puckett', '31.594.211-K'),
       (default, 'Sade', 'Lyons', '39.336.630-3'),
       (default, 'Mary', 'Newman', '3.888.467-0'),
       (default, 'Asher', 'Rodriguez', '4.287.740-9'),
       (default, 'Renee', 'Kramer', '4.112.592-6'),
       (default, 'Kathleen', 'Morse', '32.372.868-2'),
       (default, 'Louis', 'Cortez', '3.383.967-7'),
       (default, 'Keely', 'Galloway', '9.404.544-4'),
       (default, 'Idola', 'Stanton', '27.247.883-K'),
       (default, 'Zia', 'Petty', '22.647.123-5'),
       (default, 'Sage', 'Mack', '27.594.697-4'),
       (default, 'Abigail', 'Cleveland', '2.499.314-0'),
       (default, 'Shannon', 'Becker', '2.292.517-2'),
       (default, 'Kaye', 'O''donnell', '2.315.432-3');
INSERT INTO person (person_id, first_name, last_name, ssn)
VALUES (default, 'Todd', 'Mcconnell', '9.585.104-5'),
       (default, 'Idona', 'O''connor', '26.358.111-3'),
       (default, 'Kerry', 'Walsh', '32.363.850-0'),
       (default, 'Lucius', 'Chavez', '18.612.300-K'),
       (default, 'Miriam', 'Parsons', '16.142.208-8'),
       (default, 'Cullen', 'Thornton', '2.615.933-4'),
       (default, 'Darius', 'Benjamin', '24.949.720-7'),
       (default, 'Zorita', 'Stephens', '7.971.433-K'),
       (default, 'Regan', 'Berry', '25.765.210-6'),
       (default, 'Nichole', 'Rosario', '890.267-4'),
       (default, 'Blaze', 'Petty', '31.633.822-4'),
       (default, 'Dieter', 'Hood', '21.608.816-6'),
       (default, 'Tamekah', 'Ford', '23.736.541-0'),
       (default, 'Aquila', 'Moses', '3.436.562-8'),
       (default, 'Allistair', 'Sharpe', '29.785.188-8'),
       (default, 'Calvin', 'Graves', '2.541.859-K'),
       (default, 'Yetta', 'Mcdowell', '3.737.081-9'),
       (default, 'Salvador', 'Ross', '41.627.307-3'),
       (default, 'Skyler', 'Leach', '6.843.403-3'),
       (default, 'Mona', 'Castaneda', '2.934.458-2'),
       (default, 'Stone', 'Newman', '13.766.138-1'),
       (default, 'Perry', 'Vazquez', '21.638.338-9'),
       (default, 'Eric', 'Vargas', '14.924.857-9'),
       (default, 'Raja', 'Griffin', '47.386.402-9'),
       (default, 'Christen', 'Gregory', '17.326.820-3'),
       (default, 'May', 'Bullock', '8.232.385-6'),
       (default, 'Stephanie', 'Strong', '3.769.868-7'),
       (default, 'Prescott', 'Holt', '3.142.896-3'),
       (default, 'Carson', 'Pugh', '43.482.486-9'),
       (default, 'Steel', 'Dominguez', '44.810.811-2'),
       (default, 'Quinn', 'Gordon', '40.854.766-0'),
       (default, 'Guinevere', 'Mcfadden', '41.492.169-8'),
       (default, 'Jasper', 'Nunez', '24.650.959-K'),
       (default, 'Yvonne', 'Hampton', '12.873.463-5'),
       (default, 'Francesca', 'Smith', '34.293.766-7'),
       (default, 'Clementine', 'Palmer', '2.146.417-1'),
       (default, 'Francesca', 'Buck', '23.170.175-3'),
       (default, 'Willow', 'Owen', '22.124.883-K'),
       (default, 'Thor', 'Roth', '42.476.735-2'),
       (default, 'Zeph', 'Perez', '2.789.371-6'),
       (default, 'Tyrone', 'Campbell', '43.485.359-1'),
       (default, 'Jaden', 'Martin', '27.409.803-1'),
       (default, 'Brian', 'Olsen', '3.389.463-5'),
       (default, 'Alana', 'Burris', '10.647.939-9'),
       (default, 'Alden', 'Landry', '40.430.989-7'),
       (default, 'Noah', 'Kim', '40.408.955-2'),
       (default, 'Cyrus', 'Carney', '29.911.220-9'),
       (default, 'Athena', 'Moon', '1.436.611-3'),
       (default, 'Cleo', 'Rivas', '46.618.606-6'),
       (default, 'Abraham', 'Singleton', '37.520.347-2');
INSERT INTO person (person_id, first_name, last_name, ssn)
VALUES (default, 'Jared', 'Anthony', '43.921.335-3'),
       (default, 'Rhoda', 'Leblanc', '32.196.610-1'),
       (default, 'Barclay', 'Hall', '33.270.790-6'),
       (default, 'Jeanette', 'Singleton', '26.203.695-2'),
       (default, 'Jena', 'Solis', '46.948.129-8'),
       (default, 'Rudyard', 'Young', '20.656.470-9'),
       (default, 'Oscar', 'Key', '23.223.407-5'),
       (default, 'Autumn', 'Cherry', '2.871.241-3'),
       (default, 'Summer', 'Willis', '27.223.338-1'),
       (default, 'Wayne', 'Faulkner', '2.062.420-5'),
       (default, 'Selma', 'Harper', '30.362.931-9'),
       (default, 'Patricia', 'Johnston', '8.192.433-3'),
       (default, 'Judah', 'Phillips', '19.832.599-6'),
       (default, 'Hiram', 'Good', '12.173.635-7'),
       (default, 'Giselle', 'Webster', '20.369.785-6'),
       (default, 'Xanthus', 'Robles', '3.271.375-0'),
       (default, 'Urielle', 'Fry', '1.973.796-9'),
       (default, 'Imani', 'Reilly', '4.263.641-K'),
       (default, 'Kato', 'Merritt', '32.787.804-2'),
       (default, 'Rebekah', 'Gay', '37.491.247-K'),
       (default, 'Armand', 'Curtis', '12.817.936-4'),
       (default, 'Gisela', 'Haynes', '34.895.606-K'),
       (default, 'Eleanor', 'Sandoval', '26.179.918-9'),
       (default, 'Willa', 'Gallagher', '34.749.732-0'),
       (default, 'Caryn', 'Mueller', '11.276.455-0'),
       (default, 'Rafael', 'Ware', '49.102.795-9'),
       (default, 'Lael', 'Reid', '41.907.330-K'),
       (default, 'Maggy', 'George', '36.357.148-4'),
       (default, 'Plato', 'Schneider', '3.686.788-4'),
       (default, 'Amelia', 'Nixon', '3.533.897-7'),
       (default, 'Cecilia', 'Anderson', '40.540.107-K'),
       (default, 'Katelyn', 'Vincent', '26.856.952-9'),
       (default, 'Quemby', 'Munoz', '40.295.531-7'),
       (default, 'Elizabeth', 'Finley', '29.777.886-2'),
       (default, 'Finn', 'Barry', '33.112.933-K'),
       (default, 'Steven', 'Oneil', '37.421.228-1'),
       (default, 'Keaton', 'Flowers', '8.977.575-2'),
       (default, 'Burke', 'Carroll', '23.692.469-6'),
       (default, 'Chloe', 'Howell', '7.976.135-4'),
       (default, 'Brent', 'Newton', '35.731.802-5'),
       (default, 'Mary', 'Little', '11.531.547-1'),
       (default, 'Hyatt', 'Goodman', '881.890-8'),
       (default, 'Daniel', 'Reed', '26.809.457-1'),
       (default, 'Marshall', 'Stout', '9.720.432-2'),
       (default, 'Rudyard', 'Sawyer', '25.840.945-0'),
       (default, 'Flavia', 'Grimes', '16.412.787-7'),
       (default, 'Rama', 'Justice', '25.127.902-0'),
       (default, 'Hunter', 'Mullen', '11.361.606-7'),
       (default, 'Alana', 'Boyer', '7.551.174-4'),
       (default, 'Hilary', 'Lloyd', '4.350.938-1');
INSERT INTO person (person_id, first_name, last_name, ssn)
VALUES (default, 'Stone', 'Solis', '387.050-2'),
       (default, 'Brett', 'Perez', '50.710.713-3'),
       (default, 'Madeson', 'Odom', '26.128.921-0'),
       (default, 'Shannon', 'Prince', '30.449.566-9'),
       (default, 'Dexter', 'Hebert', '33.365.761-9'),
       (default, 'Hiram', 'Lang', '33.596.433-0'),
       (default, 'Wallace', 'Miller', '9.462.860-1'),
       (default, 'Signe', 'Bernard', '2.360.561-9'),
       (default, 'Noel', 'Moody', '2.552.799-2'),
       (default, 'Pamela', 'Holt', '12.188.952-8'),
       (default, 'Evan', 'Curtis', '31.300.662-K'),
       (default, 'Tate', 'Hyde', '30.274.822-5'),
       (default, 'Steel', 'Soto', '4.417.833-8'),
       (default, 'Ignacia', 'Wright', '15.253.784-0'),
       (default, 'Savannah', 'Talley', '48.698.189-K'),
       (default, 'Valentine', 'Mcleod', '2.576.756-K'),
       (default, 'Silas', 'Bowman', '5.440.135-3'),
       (default, 'Rose', 'Perry', '40.524.771-2'),
       (default, 'Graiden', 'Blankenship', '1.623.835-K'),
       (default, 'Troy', 'Nelson', '8.869.342-6'),
       (default, 'Ignatius', 'Armstrong', '31.761.706-2'),
       (default, 'Kimberley', 'Herring', '43.776.388-7'),
       (default, 'Barrett', 'Armstrong', '15.529.282-2'),
       (default, 'Oprah', 'Wolf', '28.328.507-3'),
       (default, 'Lamar', 'Gray', '17.177.768-2'),
       (default, 'Linda', 'Bailey', '3.332.295-K'),
       (default, 'Jayme', 'Patel', '18.549.728-3'),
       (default, 'Jordan', 'Newman', '40.202.386-4'),
       (default, 'Jasmine', 'Jones', '13.333.619-2'),
       (default, 'Venus', 'Giles', '7.633.618-0'),
       (default, 'Ivy', 'Joyner', '49.102.568-9'),
       (default, 'Deirdre', 'Mendoza', '40.241.495-2'),
       (default, 'Dean', 'Blevins', '41.874.270-4'),
       (default, 'Amy', 'Galloway', '34.158.111-7'),
       (default, 'Melinda', 'Vang', '31.769.255-2'),
       (default, 'Adam', 'Ryan', '38.465.569-6'),
       (default, 'Lisandra', 'Morales', '41.455.757-0'),
       (default, 'Rigel', 'Lyons', '20.405.589-0'),
       (default, 'Jerry', 'Figueroa', '21.741.119-K'),
       (default, 'Jesse', 'West', '4.787.775-K'),
       (default, 'Emmanuel', 'Sullivan', '2.321.067-3'),
       (default, 'Yuli', 'Daugherty', '29.384.480-1'),
       (default, 'Gavin', 'Hunt', '692.981-8'),
       (default, 'Amethyst', 'Carrillo', '35.987.815-K'),
       (default, 'Carla', 'Frost', '32.685.747-5'),
       (default, 'William', 'Shaffer', '15.314.226-2'),
       (default, 'Kimberley', 'Peters', '21.957.752-4'),
       (default, 'Marshall', 'Vaughn', '3.315.410-0'),
       (default, 'Maxwell', 'Sosa', '72.752-0'),
       (default, 'Ralph', 'Aguilar', '3.130.210-2');
INSERT INTO person (person_id, first_name, last_name, ssn)
VALUES (default, 'Zia', 'Becker', '38.103.545-K'),
       (default, 'Samuel', 'Baird', '36.548.761-8'),
       (default, 'Tucker', 'Haley', '277.293-0'),
       (default, 'Brent', 'Delaney', '34.885.896-3'),
       (default, 'Aretha', 'Ellis', '17.713.358-2'),
       (default, 'Lyle', 'Ferrell', '19.769.612-5'),
       (default, 'Ifeoma', 'Hopkins', '31.942.718-K'),
       (default, 'Hayfa', 'Melton', '20.540.967-K'),
       (default, 'Emery', 'Perez', '291.727-0'),
       (default, 'Germaine', 'Steele', '3.248.276-7'),
       (default, 'Sopoline', 'Hewitt', '24.870.663-5'),
       (default, 'Conan', 'Owens', '41.399.434-9'),
       (default, 'Alfonso', 'Patterson', '49.215.986-7'),
       (default, 'Emery', 'Gonzalez', '25.296.341-3'),
       (default, 'Mannix', 'Wynn', '17.740.128-5'),
       (default, 'Mara', 'Reeves', '43.723.111-7'),
       (default, 'Joelle', 'Gaines', '8.783.859-5'),
       (default, 'Merrill', 'Johns', '33.267.510-9'),
       (default, 'Quamar', 'Gomez', '50.127.572-7'),
       (default, 'Willow', 'Farley', '27.395.943-2'),
       (default, 'Bethany', 'Austin', '9.989.162-9'),
       (default, 'Michael', 'Lowery', '8.611.801-7'),
       (default, 'Scott', 'Whitehead', '41.527.578-1'),
       (default, 'Lewis', 'Mcgee', '43.226.225-1'),
       (default, 'Teagan', 'Morton', '45.575.797-5'),
       (default, 'Benjamin', 'Garcia', '389.473-8'),
       (default, 'Medge', 'Hood', '20.194.515-1'),
       (default, 'Colleen', 'Hancock', '15.867.923-K'),
       (default, 'Eliana', 'Reid', '41.333.673-2'),
       (default, 'Reuben', 'Parrish', '42.279.891-9'),
       (default, 'Aristotle', 'Houston', '2.875.169-9'),
       (default, 'Pandora', 'Combs', '12.424.228-2'),
       (default, 'Alan', 'Marsh', '3.120.487-9'),
       (default, 'Grady', 'Camacho', '13.978.579-7'),
       (default, 'Nadine', 'Silva', '393.684-8'),
       (default, 'Blake', 'Ramirez', '31.401.513-4'),
       (default, 'Scarlett', 'Crawford', '27.783.457-K'),
       (default, 'Lillith', 'Love', '20.640.249-0'),
       (default, 'Amy', 'Le', '47.102.637-9'),
       (default, 'Quentin', 'Maxwell', '3.257.126-3'),
       (default, 'Chiquita', 'Stanton', '49.830.987-9'),
       (default, 'Brett', 'Dillon', '3.439.525-K'),
       (default, 'Susan', 'Sellers', '14.425.718-9'),
       (default, 'Sade', 'Tran', '10.509.380-2'),
       (default, 'Pearl', 'Roach', '1.286.459-0'),
       (default, 'Lester', 'Phillips', '46.145.178-0'),
       (default, 'Rudyard', 'Hayes', '19.656.371-7'),
       (default, 'Hedley', 'Welch', '38.536.165-3'),
       (default, 'Kelly', 'Cook', '22.968.218-0'),
       (default, 'Kiona', 'May', '48.512.770-4');
INSERT INTO person (person_id, first_name, last_name, ssn)
VALUES (default, 'Hollee', 'Montoya', '2.249.540-2'),
       (default, 'Jaquelyn', 'Fox', '32.339.990-5'),
       (default, 'Ferris', 'White', '232.029-0'),
       (default, 'Brett', 'Knight', '30.682.901-7'),
       (default, 'Nyssa', 'Pate', '25.217.217-3'),
       (default, 'Wing', 'Noel', '35.693.117-3'),
       (default, 'Shaeleigh', 'Odom', '12.117.798-6'),
       (default, 'Eric', 'Gross', '30.153.910-K'),
       (default, 'Azalia', 'Robbins', '1.165.210-7'),
       (default, 'Hilary', 'Bernard', '42.907.217-4'),
       (default, 'September', 'Cochran', '11.308.730-7'),
       (default, 'Serena', 'Merritt', '7.288.221-0'),
       (default, 'Jacqueline', 'Vaughan', '22.584.510-7'),
       (default, 'Quinlan', 'Salinas', '6.672.295-3'),
       (default, 'Thor', 'Pope', '41.929.720-8'),
       (default, 'Flynn', 'Nelson', '3.037.681-1'),
       (default, 'Knox', 'Levine', '40.192.803-0'),
       (default, 'Alika', 'Vincent', '4.360.967-K'),
       (default, 'Cullen', 'Dunlap', '12.110.743-0'),
       (default, 'Cody', 'Rhodes', '11.543.616-3'),
       (default, 'Ezra', 'Conrad', '21.889.874-2'),
       (default, 'Kato', 'Hurst', '4.646.977-1'),
       (default, 'Amery', 'Padilla', '47.301.270-7'),
       (default, 'Walter', 'Bridges', '12.629.343-7'),
       (default, 'Bethany', 'Noel', '44.374.552-1'),
       (default, 'Illana', 'Sykes', '20.975.640-4'),
       (default, 'Wing', 'Berg', '35.673.782-2'),
       (default, 'Rina', 'Simon', '44.741.541-0'),
       (default, 'Kirsten', 'Dejesus', '49.313.259-8'),
       (default, 'Damian', 'Wilcox', '32.744.986-9'),
       (default, 'Trevor', 'Patrick', '46.663.503-0'),
       (default, 'Lareina', 'Kidd', '4.947.829-1'),
       (default, 'Daryl', 'Palmer', '24.837.610-4'),
       (default, 'Robin', 'Mendez', '30.139.131-5'),
       (default, 'Astra', 'Stokes', '36.428.596-5'),
       (default, 'Sade', 'Butler', '3.156.822-6'),
       (default, 'Jolie', 'English', '43.132.806-2'),
       (default, 'Lucas', 'Christian', '44.400.316-2'),
       (default, 'Vivien', 'Gallegos', '11.340.682-8'),
       (default, 'Ayanna', 'Craig', '22.826.989-1'),
       (default, 'Hoyt', 'Mathews', '45.970.908-8'),
       (default, 'Paki', 'Gaines', '49.651.832-2'),
       (default, 'Caryn', 'Durham', '30.231.977-4'),
       (default, 'Hunter', 'Riley', '11.367.601-9'),
       (default, 'Luke', 'Buchanan', '9.637.361-9'),
       (default, 'Kimberly', 'Mccarty', '48.102.205-3'),
       (default, 'Grady', 'Curtis', '3.272.223-7'),
       (default, 'Seth', 'Church', '3.077.203-2'),
       (default, 'Quintessa', 'Sutton', '780.416-4'),
       (default, 'Oren', 'Bernard', '23.604.744-K');
INSERT INTO person (person_id, first_name, last_name, ssn)
VALUES (default, 'Brian', 'Carey', '40.991.463-2'),
       (default, 'Barry', 'Bentley', '4.146.184-5'),
       (default, 'Malcolm', 'Dean', '39.602.351-2'),
       (default, 'Upton', 'Rivers', '24.700.986-8'),
       (default, 'Leonard', 'Dorsey', '34.954.793-7'),
       (default, 'Glenna', 'Frye', '35.515.417-3'),
       (default, 'Jakeem', 'Rogers', '21.231.655-5'),
       (default, 'Emmanuel', 'Workman', '35.356.597-4'),
       (default, 'Randall', 'Doyle', '1.547.503-K'),
       (default, 'Leonard', 'Mccormick', '47.317.162-7'),
       (default, 'Hayden', 'Blevins', '42.634.994-9'),
       (default, 'Ignatius', 'Dudley', '49.474.451-1'),
       (default, 'Nora', 'Suarez', '213.133-1'),
       (default, 'Benedict', 'Cohen', '40.731.653-3'),
       (default, 'Keaton', 'Henderson', '15.350.642-6'),
       (default, 'Veda', 'Peck', '10.265.118-9'),
       (default, 'Christine', 'Turner', '39.295.516-K'),
       (default, 'Cheyenne', 'Oliver', '46.517.729-2'),
       (default, 'Dorian', 'Hensley', '891.917-8'),
       (default, 'Callie', 'Leon', '237.339-4'),
       (default, 'Derek', 'Garza', '16.599.475-2'),
       (default, 'Sopoline', 'Gentry', '23.732.788-8'),
       (default, 'Addison', 'Leach', '50.694.185-7'),
       (default, 'Dorian', 'Lambert', '44.283.507-1'),
       (default, 'Zelda', 'Sexton', '35.254.689-5'),
       (default, 'Fatima', 'Pennington', '36.407.512-K'),
       (default, 'Brian', 'Owens', '33.943.970-2'),
       (default, 'Deacon', 'Wilson', '38.192.954-K'),
       (default, 'Raja', 'Ball', '18.378.726-8'),
       (default, 'Judah', 'Barnes', '29.435.662-2'),
       (default, 'Glenna', 'Ashley', '1.892.397-1'),
       (default, 'Lynn', 'Dejesus', '9.650.266-4'),
       (default, 'Leigh', 'Myers', '22.247.606-2'),
       (default, 'Shelby', 'Wolf', '3.019.045-9'),
       (default, 'Ocean', 'Gonzales', '33.753.438-4'),
       (default, 'Idona', 'Ortiz', '37.107.152-0'),
       (default, 'Russell', 'Atkins', '28.308.656-9'),
       (default, 'Vance', 'Short', '1.621.960-6'),
       (default, 'Kadeem', 'Padilla', '6.520.139-9'),
       (default, 'Ayanna', 'Noble', '46.535.834-3'),
       (default, 'Slade', 'Kirkland', '17.862.674-4'),
       (default, 'Lance', 'Barlow', '19.986.215-4'),
       (default, 'Margaret', 'Clark', '1.718.635-3'),
       (default, 'Jael', 'Bentley', '4.187.136-9'),
       (default, 'Brett', 'Perkins', '248.323-8'),
       (default, 'Xantha', 'Barber', '34.456.265-2'),
       (default, 'Vance', 'Kerr', '20.760.901-3'),
       (default, 'Abbot', 'Massey', '37.986.926-2'),
       (default, 'Brett', 'Lewis', '1.234.530-5'),
       (default, 'Grant', 'O''Neill', '711.444-3');
INSERT INTO person (person_id, first_name, last_name, ssn)
VALUES (default, 'Stuart', 'Serrano', '47.485.741-7'),
       (default, 'Harriet', 'Harrison', '22.515.268-3'),
       (default, 'Brent', 'Alston', '43.691.375-3'),
       (default, 'Dean', 'Pate', '1.771.690-5'),
       (default, 'Stone', 'Wright', '43.842.975-1'),
       (default, 'Reece', 'Parrish', '19.134.611-4'),
       (default, 'Kelsie', 'Sheppard', '17.504.211-3'),
       (default, 'Zorita', 'Kaufman', '23.900.741-4'),
       (default, 'Jasper', 'Soto', '38.575.984-3'),
       (default, 'Peter', 'Mayer', '14.132.151-K'),
       (default, 'Lavinia', 'Nash', '1.677.393-K'),
       (default, 'Jacob', 'Flynn', '2.092.161-7'),
       (default, 'Pascale', 'Crane', '17.555.526-9'),
       (default, 'Maryam', 'Velazquez', '15.301.889-8'),
       (default, 'Charlotte', 'Hendricks', '33.485.812-K'),
       (default, 'Chester', 'Beach', '2.939.944-1'),
       (default, 'Chase', 'Berry', '33.914.932-1'),
       (default, 'Sylvia', 'Gilbert', '11.914.277-6'),
       (default, 'Karyn', 'Crosby', '16.516.805-4'),
       (default, 'Bradley', 'Blankenship', '20.836.269-0'),
       (default, 'Yardley', 'Bennett', '38.132.899-6'),
       (default, 'Quemby', 'Haynes', '48.197.203-5'),
       (default, 'Ciaran', 'Vang', '41.634.932-0'),
       (default, 'Tara', 'Hayes', '27.460.388-7'),
       (default, 'Rebecca', 'Goodman', '14.554.771-7'),
       (default, 'Xavier', 'Little', '25.160.797-4'),
       (default, 'Yardley', 'Mayer', '2.659.739-0'),
       (default, 'Jade', 'Jordan', '33.727.871-K'),
       (default, 'Yvette', 'Kramer', '47.493.817-4'),
       (default, 'Juliet', 'Lopez', '12.926.230-3'),
       (default, 'Gavin', 'Love', '46.551.310-1'),
       (default, 'Leah', 'Ortega', '39.898.469-2'),
       (default, 'Ralph', 'Logan', '16.389.711-3'),
       (default, 'Damian', 'Reynolds', '16.465.151-7'),
       (default, 'Maryam', 'Sargent', '10.681.518-6'),
       (default, 'Cameron', 'Whitfield', '444.557-0'),
       (default, 'Barry', 'Dominguez', '45.395.532-K'),
       (default, 'Geoffrey', 'Morris', '30.596.472-7'),
       (default, 'Rudyard', 'Conley', '22.171.965-4'),
       (default, 'Michelle', 'Battle', '458.257-8'),
       (default, 'Dylan', 'Brennan', '44.116.595-1'),
       (default, 'Maris', 'Hernandez', '28.904.588-0'),
       (default, 'Maite', 'Mooney', '35.950.138-2'),
       (default, 'Renee', 'Cantrell', '14.141.745-2'),
       (default, 'Ray', 'Cochran', '136.893-1'),
       (default, 'Shafira', 'Everett', '4.030.481-9'),
       (default, 'Wynne', 'Bradshaw', '22.233.745-3'),
       (default, 'Kennedy', 'Turner', '6.462.874-7'),
       (default, 'Lael', 'Rogers', '20.997.245-K'),
       (default, 'Tarik', 'Adams', '37.698.462-1');
INSERT INTO person (person_id, first_name, last_name, ssn)
VALUES (default, 'Cyrus', 'Zamora', '5.439.601-5'),
       (default, 'Barry', 'Mckay', '23.414.512-6'),
       (default, 'Regan', 'Cummings', '3.066.674-7'),
       (default, 'Hector', 'Bradford', '27.666.389-5'),
       (default, 'Andrew', 'Joseph', '17.977.200-0'),
       (default, 'Hayley', 'Lambert', '19.644.169-7'),
       (default, 'Merrill', 'Fischer', '8.736.456-9'),
       (default, 'Patience', 'Wyatt', '19.601.947-2'),
       (default, 'Lester', 'Kline', '4.515.542-0'),
       (default, 'Fuller', 'Pratt', '47.243.701-1'),
       (default, 'Cara', 'Richard', '17.541.787-7'),
       (default, 'Ocean', 'Myers', '40.433.172-8'),
       (default, 'Nasim', 'Harper', '19.445.754-5'),
       (default, 'Isabella', 'Mcguire', '49.826.665-7'),
       (default, 'Kevyn', 'Mckee', '44.802.336-2'),
       (default, 'Colin', 'Madden', '27.917.781-9'),
       (default, 'Paula', 'Mathews', '48.689.424-5'),
       (default, 'Kiara', 'Hunter', '41.217.884-K'),
       (default, 'Noel', 'Collins', '32.539.994-5'),
       (default, 'Raphael', 'Mckay', '31.667.858-0'),
       (default, 'Mariko', 'Sheppard', '33.576.913-9'),
       (default, 'Susan', 'Mclaughlin', '16.565.358-0'),
       (default, 'Hayes', 'Stanton', '23.272.546-K'),
       (default, 'Leandra', 'Hutchinson', '21.108.704-8'),
       (default, 'Sybill', 'Harmon', '15.632.804-9'),
       (default, 'Nyssa', 'Dorsey', '19.531.106-4'),
       (default, 'Wang', 'Jennings', '29.808.530-5'),
       (default, 'Justine', 'Fitzgerald', '29.775.489-0'),
       (default, 'Winter', 'Houston', '4.342.431-9'),
       (default, 'Finn', 'Leblanc', '40.280.319-3'),
       (default, 'Samuel', 'Kelly', '32.689.817-1'),
       (default, 'Griffin', 'Leblanc', '37.270.880-8'),
       (default, 'Dustin', 'Tyler', '26.881.178-8'),
       (default, 'Kelly', 'Mcguire', '26.400.828-K'),
       (default, 'Catherine', 'Manning', '6.125.277-0'),
       (default, 'Zelenia', 'Lambert', '29.602.418-K'),
       (default, 'Adena', 'Wynn', '29.721.925-1'),
       (default, 'Herman', 'Wilson', '27.611.175-2'),
       (default, 'Jamal', 'Stein', '29.678.396-K'),
       (default, 'Kylie', 'Nichols', '42.390.294-9'),
       (default, 'Nasim', 'Anthony', '39.157.388-3'),
       (default, 'Serina', 'Talley', '49.218.910-3'),
       (default, 'Axel', 'Gray', '23.125.541-9'),
       (default, 'Zane', 'Hunter', '11.695.693-4'),
       (default, 'Patience', 'Quinn', '31.329.705-5'),
       (default, 'Tanner', 'Blake', '43.416.826-0'),
       (default, 'Eric', 'Fleming', '2.464.102-3'),
       (default, 'Pascale', 'Carson', '45.926.228-8'),
       (default, 'Nathaniel', 'Knowles', '13.108.593-1'),
       (default, 'Jin', 'Sherman', '39.377.880-6');
INSERT INTO person (person_id, first_name, last_name, ssn)
VALUES (default, 'Leigh', 'Benson', '47.959.715-4'),
       (default, 'Keefe', 'Mcmillan', '8.268.892-7'),
       (default, 'Troy', 'Boyer', '29.306.306-0'),
       (default, 'Mannix', 'Herring', '50.922.292-4'),
       (default, 'Nolan', 'Oliver', '24.988.117-1'),
       (default, 'Conan', 'Drake', '45.723.347-7'),
       (default, 'Jordan', 'Thomas', '23.223.593-4'),
       (default, 'Giselle', 'Myers', '30.207.650-2'),
       (default, 'Barrett', 'Mcgowan', '6.765.100-6'),
       (default, 'Demetria', 'Rojas', '32.473.226-8'),
       (default, 'Priscilla', 'Ashley', '10.536.470-9'),
       (default, 'Kylee', 'Conrad', '3.944.394-5'),
       (default, 'Margaret', 'Wong', '49.875.604-2'),
       (default, 'Victor', 'Melendez', '28.515.580-0'),
       (default, 'Deborah', 'Vance', '48.930.850-9'),
       (default, 'Paloma', 'Alvarado', '20.184.193-3'),
       (default, 'Leandra', 'Sheppard', '15.622.164-3'),
       (default, 'Adrienne', 'Mckay', '29.289.650-6'),
       (default, 'Merritt', 'Preston', '239.519-3'),
       (default, 'Noah', 'Britt', '6.398.190-7'),
       (default, 'Maris', 'Sharp', '45.462.702-4'),
       (default, 'Karly', 'Cohen', '28.311.566-6'),
       (default, 'Angelica', 'Trujillo', '44.544.885-0'),
       (default, 'Clinton', 'Navarro', '40.831-K'),
       (default, 'Jack', 'Zimmerman', '38.436.677-5'),
       (default, 'Elton', 'Lester', '34.188.182-K'),
       (default, 'Cassady', 'Lowery', '3.178.535-9'),
       (default, 'Orli', 'Kirkland', '38.873.841-3'),
       (default, 'Elizabeth', 'Kirby', '46.693.172-1'),
       (default, 'Lunea', 'Suarez', '24.216.240-4');

--asdfg
INSERT INTO phone (person_id, phone_number)
VALUES (1, '034-757-7384'),
       (2, '044-518-8544'),
       (3, '061-679-1258'),
       (4, '012-364-1285'),
       (5, '021-366-1653'),
       (6, '092-642-5776'),
       (7, '040-416-7153'),
       (8, '018-814-0471'),
       (9, '071-177-0914'),
       (10, '032-555-9783'),
       (11, '053-685-6882'),
       (12, '063-789-2054'),
       (13, '038-355-4072'),
       (14, '046-272-2423'),
       (15, '045-588-6418'),
       (16, '022-486-1669'),
       (17, '001-848-6552'),
       (18, '077-167-6512'),
       (19, '065-295-3641'),
       (20, '043-212-3386'),
       (21, '096-521-1121'),
       (22, '002-089-9062'),
       (23, '037-417-2379'),
       (24, '074-569-6629'),
       (25, '067-778-0521'),
       (26, '083-787-1521'),
       (27, '072-692-8545'),
       (28, '035-401-3442'),
       (29, '025-620-4829'),
       (30, '007-737-2328'),
       (31, '027-024-8133'),
       (32, '031-671-5825'),
       (33, '011-540-2271'),
       (34, '058-234-5337'),
       (35, '023-186-9762'),
       (36, '024-926-8366'),
       (37, '094-765-8137'),
       (38, '061-146-4674'),
       (39, '053-675-6901'),
       (40, '075-311-5114'),
       (41, '040-106-0860'),
       (42, '062-330-4197'),
       (43, '011-239-1223'),
       (44, '073-301-1730'),
       (45, '024-179-3861'),
       (46, '045-837-1487'),
       (47, '069-518-1645'),
       (48, '064-644-3278'),
       (49, '064-261-7166'),
       (50, '050-131-5362');
INSERT INTO phone (person_id, phone_number)
VALUES (51, '013-282-6853'),
       (52, '068-631-4568'),
       (53, '092-885-4621'),
       (54, '043-553-9316'),
       (55, '086-571-7287'),
       (56, '017-981-7497'),
       (57, '035-423-4676'),
       (58, '035-125-6121'),
       (59, '083-696-0621'),
       (60, '059-630-3339'),
       (61, '088-165-5512'),
       (62, '032-450-1967'),
       (63, '017-534-7252'),
       (64, '007-444-5430'),
       (65, '048-393-9378'),
       (66, '066-477-7871'),
       (67, '046-606-9353'),
       (68, '015-617-6619'),
       (69, '015-468-2312'),
       (70, '036-556-1497'),
       (71, '082-641-4870'),
       (72, '031-560-2488'),
       (73, '032-606-2748'),
       (74, '078-583-8867'),
       (75, '005-857-0827'),
       (76, '011-556-7515'),
       (77, '015-406-5644'),
       (78, '078-764-9660'),
       (79, '025-121-3578'),
       (80, '092-976-3110'),
       (81, '072-619-2982'),
       (82, '051-330-3155'),
       (83, '094-255-8095'),
       (84, '016-955-6667'),
       (85, '070-582-1415'),
       (86, '034-600-0106'),
       (87, '008-896-7982'),
       (88, '037-042-0655'),
       (89, '094-763-3214'),
       (90, '031-473-7178'),
       (91, '033-779-7886'),
       (92, '031-528-2913'),
       (93, '057-898-2782'),
       (94, '005-795-2745'),
       (95, '034-602-7162'),
       (96, '075-272-5947'),
       (97, '053-351-1536'),
       (98, '075-438-7418'),
       (99, '001-513-2841'),
       (100, '080-776-9835');
INSERT INTO phone (person_id, phone_number)
VALUES (101, '036-547-9832'),
       (102, '080-383-2305'),
       (103, '033-504-7821'),
       (104, '084-803-4446'),
       (105, '023-406-9096'),
       (106, '015-857-6836'),
       (107, '063-325-6120'),
       (108, '032-584-1761'),
       (109, '017-246-2586'),
       (110, '047-206-5604'),
       (111, '044-470-7885'),
       (112, '028-815-6977'),
       (113, '048-644-7035'),
       (114, '072-038-5886'),
       (115, '066-101-2364'),
       (116, '036-073-3382'),
       (117, '046-048-2137'),
       (118, '048-901-6095'),
       (119, '046-360-8277'),
       (120, '073-238-5773'),
       (121, '046-496-6323'),
       (122, '027-056-6644'),
       (123, '033-437-6663'),
       (124, '033-317-6337'),
       (125, '055-540-0036'),
       (126, '063-848-3669'),
       (127, '068-574-4361'),
       (128, '095-718-2636'),
       (129, '065-997-5725'),
       (130, '052-305-7330'),
       (131, '052-544-6164'),
       (132, '026-166-5156'),
       (133, '048-782-8515'),
       (134, '075-131-2558'),
       (135, '055-349-7166'),
       (136, '027-781-2746'),
       (137, '076-795-2158'),
       (138, '042-123-8942'),
       (139, '035-721-6463'),
       (140, '009-532-1078'),
       (141, '026-341-0570'),
       (142, '013-772-1556'),
       (143, '088-130-9439'),
       (144, '097-224-3233'),
       (145, '012-647-1383'),
       (146, '066-612-3437'),
       (147, '087-344-7486'),
       (148, '082-945-5713'),
       (149, '047-418-7246'),
       (150, '094-091-0244');
INSERT INTO phone (person_id, phone_number)
VALUES (151, '079-812-4820'),
       (152, '082-683-4523'),
       (153, '065-614-7562'),
       (154, '093-684-1687'),
       (155, '080-178-4181'),
       (156, '070-235-4476'),
       (157, '060-758-7437'),
       (158, '086-777-8239'),
       (159, '046-832-4668'),
       (160, '067-748-4348'),
       (161, '057-356-2513'),
       (162, '048-814-5129'),
       (163, '052-866-1243'),
       (164, '068-197-3116'),
       (165, '077-421-7852'),
       (166, '000-455-3476'),
       (167, '003-565-8418'),
       (168, '035-563-3044'),
       (169, '067-198-5901'),
       (170, '027-474-8920'),
       (171, '043-281-7913'),
       (172, '064-456-7825'),
       (173, '077-742-6993'),
       (174, '096-132-7953'),
       (175, '087-831-7868'),
       (176, '035-364-1518'),
       (177, '040-184-6136'),
       (178, '036-186-1547'),
       (179, '017-845-4482'),
       (180, '022-563-2460'),
       (181, '088-898-3597'),
       (182, '061-495-8433'),
       (183, '053-551-3332'),
       (184, '095-562-8538'),
       (185, '067-942-0039'),
       (186, '082-291-6367'),
       (187, '005-547-6288'),
       (188, '097-864-0732'),
       (189, '086-248-2783'),
       (190, '086-646-2880'),
       (191, '028-762-8332'),
       (192, '069-520-7500'),
       (193, '083-842-7744'),
       (194, '034-860-8606'),
       (195, '033-767-3135'),
       (196, '082-692-8354'),
       (197, '080-131-6966'),
       (198, '042-819-7541'),
       (199, '005-911-6815'),
       (200, '029-766-8218');
INSERT INTO phone (person_id, phone_number)
VALUES (201, '061-653-1800'),
       (202, '081-607-1710'),
       (203, '062-787-5224'),
       (204, '057-585-7067'),
       (205, '049-605-5269'),
       (206, '088-483-9125'),
       (207, '017-431-8338'),
       (208, '097-120-5844'),
       (209, '070-364-3546'),
       (210, '051-807-2786'),
       (211, '028-503-4852'),
       (212, '053-980-8368'),
       (213, '037-296-3214'),
       (214, '096-516-7515'),
       (215, '055-461-4353'),
       (216, '075-474-2579'),
       (217, '013-380-1799'),
       (218, '054-371-4127'),
       (219, '005-583-3657'),
       (220, '068-313-7478'),
       (221, '043-963-2137'),
       (222, '070-485-4211'),
       (223, '015-465-9332'),
       (224, '071-367-7461'),
       (225, '087-665-3341'),
       (226, '048-052-5398'),
       (227, '066-521-2179'),
       (228, '098-385-6025'),
       (229, '065-250-2634'),
       (230, '041-608-4675'),
       (231, '057-532-4572'),
       (232, '032-671-2366'),
       (233, '021-173-9774'),
       (234, '011-418-6148'),
       (235, '010-655-8644'),
       (236, '041-225-4422'),
       (237, '025-246-0711'),
       (238, '034-927-5936'),
       (239, '045-061-4253'),
       (240, '090-949-3745'),
       (241, '032-354-3811'),
       (242, '041-562-2373'),
       (243, '016-949-5545'),
       (244, '024-477-6776'),
       (245, '014-868-5525'),
       (246, '091-328-5189'),
       (247, '096-167-3663'),
       (248, '037-757-6867'),
       (249, '083-711-5131'),
       (250, '054-627-4552');
INSERT INTO phone (person_id, phone_number)
VALUES (251, '037-180-2661'),
       (252, '071-337-6203'),
       (253, '015-607-1228'),
       (254, '031-193-2816'),
       (255, '071-781-5416'),
       (256, '005-671-2161'),
       (257, '020-130-5547'),
       (258, '067-380-9346'),
       (259, '027-658-3470'),
       (260, '057-731-7264'),
       (261, '025-924-9341'),
       (262, '041-139-7446'),
       (263, '058-831-3415'),
       (264, '025-695-2133'),
       (265, '045-584-7173'),
       (266, '023-893-8774'),
       (267, '051-882-5233'),
       (268, '057-780-3504'),
       (269, '033-724-6644'),
       (270, '054-685-9536'),
       (271, '066-842-2441'),
       (272, '064-731-2186'),
       (273, '048-555-7569'),
       (274, '096-952-4627'),
       (275, '064-283-3689'),
       (276, '043-673-5437'),
       (277, '052-699-4755'),
       (278, '098-971-1213'),
       (279, '065-589-3978'),
       (280, '065-533-2777'),
       (281, '080-654-6281'),
       (282, '099-441-3758'),
       (283, '027-658-7243'),
       (284, '020-111-6218'),
       (285, '085-316-6317'),
       (286, '003-980-5681'),
       (287, '024-867-8468'),
       (288, '014-315-2056'),
       (289, '033-477-6271'),
       (290, '084-327-2583'),
       (291, '072-256-8985'),
       (292, '034-983-4561'),
       (293, '007-220-7768'),
       (294, '025-347-8462'),
       (295, '022-684-2196'),
       (296, '016-992-1542'),
       (297, '048-530-4277'),
       (298, '044-838-8772'),
       (299, '025-497-4833'),
       (300, '044-832-8564');
INSERT INTO phone (person_id, phone_number)
VALUES (301, '081-226-6261'),
       (302, '098-125-3102'),
       (303, '025-090-4035'),
       (304, '079-088-4327'),
       (305, '027-576-8322'),
       (306, '055-570-6746'),
       (307, '087-424-7734'),
       (308, '058-623-7256'),
       (309, '011-718-4642'),
       (310, '062-471-2743'),
       (311, '055-136-8554'),
       (312, '042-252-9391'),
       (313, '097-147-3753'),
       (314, '048-447-5896'),
       (315, '003-486-8350'),
       (316, '027-448-5067'),
       (317, '028-152-4587'),
       (318, '053-440-9353'),
       (319, '062-892-3563'),
       (320, '022-113-0335'),
       (321, '011-846-6696'),
       (322, '029-968-1657'),
       (323, '067-729-2133'),
       (324, '040-199-4581'),
       (325, '066-505-4568'),
       (326, '013-156-0129'),
       (327, '035-503-8497'),
       (328, '077-171-1124'),
       (329, '066-791-5702'),
       (330, '096-163-5772'),
       (331, '070-431-2734'),
       (332, '082-253-7685'),
       (333, '067-150-4585'),
       (334, '089-418-5598'),
       (335, '015-903-4175'),
       (336, '053-386-7116'),
       (337, '032-789-6521'),
       (338, '034-235-3738'),
       (339, '054-997-7483'),
       (340, '005-141-7857'),
       (341, '062-935-4536'),
       (342, '066-553-8782'),
       (343, '041-968-5761'),
       (344, '051-196-0160'),
       (345, '095-327-6727'),
       (346, '018-178-1582'),
       (347, '033-806-8345'),
       (348, '099-816-1893'),
       (349, '030-244-7739'),
       (350, '058-383-7621');
INSERT INTO phone (person_id, phone_number)
VALUES (351, '093-121-3462'),
       (352, '083-859-7879'),
       (353, '086-211-7941'),
       (354, '054-778-2718'),
       (355, '065-282-1591'),
       (356, '035-317-3458'),
       (357, '030-467-7878'),
       (358, '018-842-4947'),
       (359, '025-520-1273'),
       (360, '024-837-7943'),
       (361, '088-527-2469'),
       (362, '038-539-3258'),
       (363, '035-739-5874'),
       (364, '041-675-3517'),
       (365, '081-344-8271'),
       (366, '029-682-7653'),
       (367, '024-277-7198'),
       (368, '014-577-5828'),
       (369, '077-857-8418'),
       (370, '056-309-5417'),
       (371, '071-388-4668'),
       (372, '098-264-9730'),
       (373, '058-817-4226'),
       (374, '042-501-6185'),
       (375, '039-015-4185'),
       (376, '094-062-3294'),
       (377, '076-154-0674'),
       (378, '073-588-4544'),
       (379, '024-737-1335'),
       (380, '040-642-8810'),
       (381, '070-378-3775'),
       (382, '026-371-0568'),
       (383, '086-360-6350'),
       (384, '020-277-8554'),
       (385, '066-775-8664'),
       (386, '076-065-9380'),
       (387, '030-342-8126'),
       (388, '056-647-5155'),
       (389, '052-606-7184'),
       (390, '096-578-8823'),
       (391, '025-260-4591'),
       (392, '002-434-4283'),
       (393, '045-110-2831'),
       (394, '027-392-2147'),
       (395, '045-253-1397'),
       (396, '007-796-3443'),
       (397, '048-778-1152'),
       (398, '081-361-1382'),
       (399, '010-239-8321'),
       (400, '025-552-3544');
INSERT INTO phone (person_id, phone_number)
VALUES (401, '077-394-1254'),
       (402, '040-633-1524'),
       (403, '039-180-7504'),
       (404, '053-733-5582'),
       (405, '066-565-5980'),
       (406, '055-624-4347'),
       (407, '045-377-3865'),
       (408, '036-174-7423'),
       (409, '006-735-7485'),
       (410, '094-217-9995'),
       (411, '003-413-4670'),
       (412, '083-751-5564'),
       (413, '036-665-9783'),
       (414, '082-153-1371'),
       (415, '054-787-9411'),
       (416, '002-241-3502'),
       (417, '080-395-4112'),
       (418, '078-925-2816'),
       (419, '089-329-9759'),
       (420, '021-445-9760'),
       (421, '013-676-4608'),
       (422, '013-518-2864'),
       (423, '052-518-7437'),
       (424, '034-892-0674'),
       (425, '067-868-7147'),
       (426, '088-553-6232'),
       (427, '067-853-1828'),
       (428, '008-740-1723'),
       (429, '036-675-7129'),
       (430, '097-767-2611'),
       (431, '055-379-8195'),
       (432, '075-966-5181'),
       (433, '026-012-9668'),
       (434, '059-339-5467'),
       (435, '047-986-7875'),
       (436, '050-035-7593'),
       (437, '074-478-8717'),
       (438, '033-254-2362'),
       (439, '019-167-0202'),
       (440, '087-694-6380'),
       (441, '029-442-8793'),
       (442, '002-450-1421'),
       (443, '045-200-6794'),
       (444, '011-568-2284'),
       (445, '062-228-1711'),
       (446, '006-843-5633'),
       (447, '065-014-6514'),
       (448, '051-374-3513'),
       (449, '039-461-5709'),
       (450, '084-178-5847');
INSERT INTO phone (person_id, phone_number)
VALUES (451, '017-552-1558'),
       (452, '067-259-8757'),
       (453, '065-412-9772'),
       (454, '047-885-8281'),
       (455, '013-613-6261'),
       (456, '081-888-1853'),
       (457, '004-356-3561'),
       (458, '035-744-5536'),
       (459, '095-637-2852'),
       (460, '035-237-2925'),
       (461, '082-474-6491'),
       (462, '089-883-7973'),
       (463, '065-223-4491'),
       (464, '024-515-9768'),
       (465, '043-312-4742'),
       (466, '025-541-9993'),
       (467, '038-211-4648'),
       (468, '086-554-4331'),
       (469, '077-567-4861'),
       (470, '030-875-0058'),
       (471, '060-778-4268'),
       (472, '087-637-7645'),
       (473, '022-227-6536'),
       (474, '085-210-1216'),
       (475, '060-926-7816'),
       (476, '022-196-8718'),
       (477, '031-032-1281'),
       (478, '053-218-9305'),
       (479, '093-332-9657'),
       (480, '053-258-2627');


INSERT INTO email (person_id, email)
VALUES (1, 'nibh.enim@aol.couk'),
       (2, 'tincidunt@aol.ca'),
       (3, 'sagittis.placerat.cras@google.com'),
       (4, 'posuere.cubilia@protonmail.edu'),
       (5, 'ac@yahoo.com'),
       (6, 'nec.tempus.scelerisque@outlook.ca'),
       (7, 'cursus@aol.ca'),
       (8, 'in@hotmail.org'),
       (9, 'blandit@aol.couk'),
       (10, 'cursus.purus@google.com'),
       (11, 'quam.a.felis@aol.couk'),
       (12, 'nibh.dolor.nonummy@outlook.edu'),
       (13, 'velit.in@icloud.com'),
       (14, 'elit.pharetra@outlook.org'),
       (15, 'sapien.aenean@icloud.ca'),
       (16, 'nec.ante@outlook.edu'),
       (17, 'dolor.donec@google.edu'),
       (18, 'ultricies.sem.magna@aol.edu'),
       (19, 'phasellus.vitae@outlook.net'),
       (20, 'aliquet.libero.integer@yahoo.ca'),
       (21, 'sit.amet@hotmail.edu'),
       (22, 'sed.neque@outlook.org'),
       (23, 'molestie.sed@google.org'),
       (24, 'mauris.eu@protonmail.org'),
       (25, 'magnis.dis@google.ca'),
       (26, 'amet.risus@aol.com'),
       (27, 'feugiat.placerat@aol.com'),
       (28, 'urna.suscipit@google.edu'),
       (29, 'cras.interdum@yahoo.ca'),
       (30, 'ridiculus.mus@aol.couk'),
       (31, 'ut.tincidunt.vehicula@outlook.net'),
       (32, 'sem@yahoo.edu'),
       (33, 'porttitor.vulputate@icloud.edu'),
       (34, 'vitae.posuere.at@hotmail.edu'),
       (35, 'sollicitudin.adipiscing@icloud.net'),
       (36, 'sollicitudin.orci@google.org'),
       (37, 'curae.phasellus@aol.couk'),
       (38, 'fringilla.cursus@yahoo.org'),
       (39, 'massa@outlook.ca'),
       (40, 'faucibus.orci@aol.couk'),
       (41, 'ipsum.suspendisse@protonmail.net'),
       (42, 'egestas.nunc@icloud.org'),
       (43, 'nulla.dignissim@aol.com'),
       (44, 'eu.eros@yahoo.ca'),
       (45, 'in.faucibus@aol.edu'),
       (46, 'in@outlook.edu'),
       (47, 'cras.pellentesque@protonmail.edu'),
       (48, 'nullam.velit.dui@protonmail.com'),
       (49, 'proin.sed@hotmail.couk'),
       (50, 'risus.morbi@icloud.couk');
INSERT INTO email (person_id, email)
VALUES (51, 'dolor.sit.amet@icloud.couk'),
       (52, 'sit.amet@protonmail.com'),
       (53, 'tellus.nunc.lectus@hotmail.com'),
       (54, 'amet.nulla@icloud.couk'),
       (55, 'feugiat.sed@icloud.org'),
       (56, 'vitae.erat@yahoo.ca'),
       (57, 'luctus@outlook.couk'),
       (58, 'aliquam@outlook.net'),
       (59, 'lobortis.nisi@google.org'),
       (60, 'dignissim.magna@yahoo.net'),
       (61, 'placerat@google.org'),
       (62, 'diam.duis@hotmail.net'),
       (63, 'sit.amet.diam@google.com'),
       (64, 'et@google.ca'),
       (65, 'interdum.libero.dui@aol.edu'),
       (66, 'rutrum@outlook.couk'),
       (67, 'pede.ultrices@yahoo.org'),
       (68, 'lectus.cum.sociis@protonmail.com'),
       (69, 'eu.euismod.ac@yahoo.net'),
       (70, 'aliquam.ornare@icloud.com'),
       (71, 'est@protonmail.edu'),
       (72, 'ac.mattis@outlook.org'),
       (73, 'purus@icloud.couk'),
       (74, 'varius.et@aol.edu'),
       (75, 'ac.urna.ut@hotmail.edu'),
       (76, 'amet.faucibus@aol.net'),
       (77, 'nisl@outlook.ca'),
       (78, 'lobortis.risus.in@protonmail.couk'),
       (79, 'semper@google.net'),
       (80, 'velit.pellentesque@aol.com'),
       (81, 'nec@google.edu'),
       (82, 'primis.in.faucibus@outlook.couk'),
       (83, 'at.nisi@hotmail.org'),
       (84, 'justo.eu@aol.com'),
       (85, 'a.feugiat.tellus@protonmail.com'),
       (86, 'fusce@icloud.ca'),
       (87, 'metus@icloud.net'),
       (88, 'venenatis.a.magna@google.ca'),
       (89, 'a.felis.ullamcorper@icloud.ca'),
       (90, 'adipiscing.enim@protonmail.net'),
       (91, 'nam.porttitor.scelerisque@icloud.ca'),
       (92, 'luctus.et.ultrices@icloud.net'),
       (93, 'feugiat.nec@hotmail.couk'),
       (94, 'nullam.feugiat@hotmail.org'),
       (95, 'duis.dignissim.tempor@icloud.edu'),
       (96, 'volutpat.ornare@icloud.edu'),
       (97, 'egestas.blandit@outlook.couk'),
       (98, 'ac.nulla@aol.com'),
       (99, 'justo.praesent@aol.net'),
       (100, 'ultrices.iaculis.odio@hotmail.org');
INSERT INTO email (person_id, email)
VALUES (101, 'pharetra.ut.pharetra@hotmail.edu'),
       (102, 'vel.turpis@protonmail.org'),
       (103, 'dictum.sapien@google.edu'),
       (104, 'facilisi.sed@aol.org'),
       (105, 'praesent.interdum@hotmail.com'),
       (106, 'ipsum.primis@icloud.couk'),
       (107, 'convallis.dolor.quisque@aol.ca'),
       (108, 'arcu.et@yahoo.com'),
       (109, 'consequat.lectus@outlook.net'),
       (110, 'posuere.cubilia@protonmail.ca'),
       (111, 'placerat@outlook.org'),
       (112, 'nibh.dolor@outlook.net'),
       (113, 'vitae.erat@yahoo.edu'),
       (114, 'erat@icloud.org'),
       (115, 'augue@outlook.edu'),
       (116, 'commodo@icloud.org'),
       (117, 'bibendum.donec.felis@outlook.net'),
       (118, 'suspendisse.eleifend@protonmail.couk'),
       (119, 'montes.nascetur@icloud.edu'),
       (120, 'gravida@hotmail.com'),
       (121, 'dignissim@hotmail.ca'),
       (122, 'lobortis.nisi@outlook.com'),
       (123, 'lorem@outlook.edu'),
       (124, 'non@hotmail.com'),
       (125, 'orci.quis@yahoo.org'),
       (126, 'risus.quisque@aol.com'),
       (127, 'gravida@google.edu'),
       (128, 'tincidunt.vehicula.risus@protonmail.edu'),
       (129, 'eu.nulla@hotmail.org'),
       (130, 'purus.ac.tellus@aol.couk'),
       (131, 'sem.semper@aol.edu'),
       (132, 'dolor.nulla.semper@yahoo.edu'),
       (133, 'ante@google.edu'),
       (134, 'lectus.cum@hotmail.net'),
       (135, 'aliquet.proin@aol.net'),
       (136, 'pellentesque.habitant@google.net'),
       (137, 'iaculis@hotmail.ca'),
       (138, 'odio.phasellus.at@aol.net'),
       (139, 'metus.in@outlook.ca'),
       (140, 'donec.egestas@protonmail.net'),
       (141, 'neque.non.quam@outlook.couk'),
       (142, 'dolor@hotmail.couk'),
       (143, 'ut.eros.non@icloud.ca'),
       (144, 'nisi.a@aol.org'),
       (145, 'et.rutrum.non@icloud.ca'),
       (146, 'sed.malesuada.augue@yahoo.net'),
       (147, 'ut.pharetra@outlook.ca'),
       (148, 'arcu.vestibulum@yahoo.org'),
       (149, 'diam.nunc@aol.couk'),
       (150, 'adipiscing.mauris.molestie@icloud.net');
INSERT INTO email (person_id, email)
VALUES (151, 'egestas@protonmail.org'),
       (152, 'diam.duis@yahoo.net'),
       (153, 'arcu.vestibulum@hotmail.com'),
       (154, 'vulputate@hotmail.net'),
       (155, 'mattis@protonmail.org'),
       (156, 'aliquet.phasellus@aol.net'),
       (157, 'quis@yahoo.net'),
       (158, 'id@yahoo.net'),
       (159, 'nibh@icloud.ca'),
       (160, 'adipiscing.ligula@google.org'),
       (161, 'libero.lacus@hotmail.ca'),
       (162, 'nunc@google.org'),
       (163, 'convallis.ante.lectus@icloud.net'),
       (164, 'nostra@yahoo.couk'),
       (165, 'proin.mi@hotmail.edu'),
       (166, 'dolor.elit@aol.org'),
       (167, 'velit@aol.net'),
       (168, 'dolor@aol.org'),
       (169, 'aenean.sed@aol.edu'),
       (170, 'sagittis.augue@outlook.org'),
       (171, 'nec@icloud.couk'),
       (172, 'id.ante@outlook.org'),
       (173, 'lorem.sit@aol.net'),
       (174, 'porttitor.interdum.sed@outlook.couk'),
       (175, 'ipsum.primis@aol.ca'),
       (176, 'consequat.purus@google.org'),
       (177, 'praesent.luctus.curabitur@google.edu'),
       (178, 'quisque.ac.libero@google.org'),
       (179, 'egestas@yahoo.net'),
       (180, 'eget.volutpat.ornare@protonmail.com'),
       (181, 'quisque.purus@outlook.org'),
       (182, 'tellus.justo@aol.net'),
       (183, 'porttitor@icloud.ca'),
       (184, 'maecenas.ornare.egestas@outlook.edu'),
       (185, 'ligula@outlook.org'),
       (186, 'at.augue.id@aol.net'),
       (187, 'dolor.egestas.rhoncus@google.ca'),
       (188, 'aliquam.nisl@yahoo.couk'),
       (189, 'consectetuer@outlook.org'),
       (190, 'parturient.montes@icloud.net'),
       (191, 'gravida.praesent@yahoo.edu'),
       (192, 'et.tristique@outlook.couk'),
       (193, 'ornare.tortor@outlook.org'),
       (194, 'ac.sem@aol.ca'),
       (195, 'ullamcorper.viverra.maecenas@icloud.ca'),
       (196, 'aliquam@google.com'),
       (197, 'pellentesque.eget@hotmail.couk'),
       (198, 'in@protonmail.net'),
       (199, 'dapibus@icloud.edu'),
       (200, 'orci.consectetuer@hotmail.com');
INSERT INTO email (person_id, email)
VALUES (201, 'rhoncus@hotmail.org'),
       (202, 'dapibus.ligula@aol.edu'),
       (203, 'aliquet.molestie.tellus@icloud.org'),
       (204, 'aliquam.erat@icloud.org'),
       (205, 'laoreet.libero@outlook.couk'),
       (206, 'class.aptent.taciti@yahoo.net'),
       (207, 'pellentesque.ultricies@hotmail.org'),
       (208, 'arcu.vivamus@yahoo.edu'),
       (209, 'facilisi@protonmail.ca'),
       (210, 'eros@protonmail.org'),
       (211, 'fusce@google.ca'),
       (212, 'erat.eget@protonmail.net'),
       (213, 'magnis.dis.parturient@hotmail.couk'),
       (214, 'eu@icloud.net'),
       (215, 'curae.donec@icloud.couk'),
       (216, 'pellentesque.ut@google.com'),
       (217, 'a.magna@google.net'),
       (218, 'ipsum@hotmail.couk'),
       (219, 'nec@icloud.org'),
       (220, 'vitae@icloud.ca'),
       (221, 'penatibus.et.magnis@protonmail.edu'),
       (222, 'ligula.aliquam@google.org'),
       (223, 'faucibus@outlook.com'),
       (224, 'ac.mattis.velit@yahoo.com'),
       (225, 'nisi@hotmail.org'),
       (226, 'aliquam.nisl.nulla@icloud.ca'),
       (227, 'nisi.mauris.nulla@google.ca'),
       (228, 'mollis.dui@google.edu'),
       (229, 'et.magnis@yahoo.net'),
       (230, 'nam.tempor.diam@protonmail.org'),
       (231, 'sed@google.couk'),
       (232, 'dui.semper.et@yahoo.net'),
       (233, 'id@yahoo.org'),
       (234, 'dignissim.pharetra@outlook.org'),
       (235, 'sed.pharetra@aol.couk'),
       (236, 'nisi.a@protonmail.com'),
       (237, 'in@aol.ca'),
       (238, 'adipiscing.mauris@yahoo.ca'),
       (239, 'sem.semper@hotmail.edu'),
       (240, 'condimentum.donec@icloud.net'),
       (241, 'aliquet.diam@aol.ca'),
       (242, 'feugiat.sed@protonmail.couk'),
       (243, 'donec.feugiat@aol.com'),
       (244, 'accumsan.laoreet.ipsum@hotmail.com'),
       (245, 'vestibulum.lorem@outlook.com'),
       (246, 'urna.nullam.lobortis@icloud.ca'),
       (247, 'proin.vel@hotmail.com'),
       (248, 'pede.cum@hotmail.couk'),
       (249, 'lobortis@yahoo.ca'),
       (250, 'est.nunc@aol.com');
INSERT INTO email (person_id, email)
VALUES (251, 'id.risus@hotmail.ca'),
       (252, 'dui.fusce@hotmail.org'),
       (253, 'enim.etiam@aol.net'),
       (254, 'est@yahoo.org'),
       (255, 'ac.ipsum@hotmail.edu'),
       (256, 'maecenas.ornare@icloud.edu'),
       (257, 'in.consequat@yahoo.ca'),
       (258, 'luctus@icloud.ca'),
       (259, 'donec.vitae@yahoo.com'),
       (260, 'feugiat.nec@google.com'),
       (261, 'nascetur.ridiculus@outlook.ca'),
       (262, 'nunc.mauris.sapien@protonmail.org'),
       (263, 'erat.volutpat@protonmail.org'),
       (264, 'ac.libero@icloud.org'),
       (265, 'pellentesque.ultricies@yahoo.ca'),
       (266, 'etiam.ligula@outlook.com'),
       (267, 'tristique.ac@yahoo.couk'),
       (268, 'dapibus.gravida.aliquam@hotmail.edu'),
       (269, 'mauris.vel.turpis@icloud.com'),
       (270, 'vulputate.ullamcorper@aol.ca'),
       (271, 'dapibus@aol.ca'),
       (272, 'scelerisque@aol.org'),
       (273, 'commodo.auctor@google.net'),
       (274, 'metus@outlook.edu'),
       (275, 'sed.dictum@outlook.couk'),
       (276, 'rutrum.eu@aol.ca'),
       (277, 'posuere.at@hotmail.org'),
       (278, 'eleifend.egestas.sed@yahoo.org'),
       (279, 'ultricies.ligula.nullam@icloud.org'),
       (280, 'malesuada.vel@yahoo.com'),
       (281, 'magnis.dis@google.couk'),
       (282, 'vulputate@aol.com'),
       (283, 'sit.amet.metus@yahoo.org'),
       (284, 'sem@hotmail.edu'),
       (285, 'aliquam@aol.edu'),
       (286, 'elementum.at@hotmail.net'),
       (287, 'sagittis@aol.com'),
       (288, 'integer.mollis@google.edu'),
       (289, 'vel@icloud.com'),
       (290, 'amet.lorem@google.org'),
       (291, 'scelerisque.scelerisque@icloud.com'),
       (292, 'facilisis.lorem@protonmail.couk'),
       (293, 'cras.interdum@yahoo.ca'),
       (294, 'tellus.suspendisse@aol.net'),
       (295, 'vitae@google.couk'),
       (296, 'velit.justo@aol.edu'),
       (297, 'enim.sed@protonmail.com'),
       (298, 'molestie.tellus@icloud.edu'),
       (299, 'sed.molestie@aol.edu'),
       (300, 'lacus.quisque.imperdiet@hotmail.couk');
INSERT INTO email (person_id, email)
VALUES (301, 'neque@aol.com'),
       (302, 'mattis.semper@google.couk'),
       (303, 'lectus.convallis@hotmail.edu'),
       (304, 'elit.aliquam@protonmail.couk'),
       (305, 'natoque.penatibus@google.couk'),
       (306, 'habitant.morbi@protonmail.edu'),
       (307, 'ornare.in@aol.couk'),
       (308, 'at@yahoo.edu'),
       (309, 'sit.amet@icloud.net'),
       (310, 'est.mauris@icloud.net'),
       (311, 'tellus.phasellus.elit@aol.com'),
       (312, 'nostra.per.inceptos@outlook.couk'),
       (313, 'in@yahoo.com'),
       (314, 'nam.tempor.diam@outlook.edu'),
       (315, 'malesuada@hotmail.net'),
       (316, 'ultricies@protonmail.com'),
       (317, 'mattis@google.com'),
       (318, 'nec.ligula@google.org'),
       (319, 'amet.luctus@protonmail.com'),
       (320, 'semper.auctor@icloud.couk'),
       (321, 'congue.in@outlook.couk'),
       (322, 'non.sollicitudin.a@outlook.couk'),
       (323, 'odio.vel.est@protonmail.edu'),
       (324, 'urna@aol.com'),
       (325, 'sit.amet@hotmail.couk'),
       (326, 'condimentum@icloud.ca'),
       (327, 'non.massa@icloud.com'),
       (328, 'phasellus@hotmail.edu'),
       (329, 'ligula.nullam.feugiat@outlook.net'),
       (330, 'ad.litora.torquent@outlook.ca'),
       (331, 'pede.ultrices@icloud.couk'),
       (332, 'et.eros.proin@protonmail.edu'),
       (333, 'lacinia.sed@google.org'),
       (334, 'quisque.varius@yahoo.org'),
       (335, 'ultrices.iaculis@google.org'),
       (336, 'malesuada@aol.org'),
       (337, 'sem.consequat.nec@google.ca'),
       (338, 'cras.lorem@aol.net'),
       (339, 'mi.felis.adipiscing@icloud.net'),
       (340, 'sapien.gravida@yahoo.org'),
       (341, 'lectus@outlook.org'),
       (342, 'nec.orci@yahoo.com'),
       (343, 'nec.malesuada@google.couk'),
       (344, 'sapien.nunc@hotmail.ca'),
       (345, 'parturient.montes@icloud.net'),
       (346, 'neque@outlook.net'),
       (347, 'cursus@protonmail.com'),
       (348, 'nec.luctus@google.com'),
       (349, 'pede@protonmail.net'),
       (350, 'dictum.mi@outlook.couk');
INSERT INTO email (person_id, email)
VALUES (351, 'proin.eget.odio@icloud.org'),
       (352, 'elit.aliquam@icloud.edu'),
       (353, 'aenean.eget@aol.net'),
       (354, 'euismod.ac@protonmail.edu'),
       (355, 'urna.et.arcu@yahoo.ca'),
       (356, 'ullamcorper.magna.sed@aol.com'),
       (357, 'elit@hotmail.com'),
       (358, 'rhoncus.donec@icloud.couk'),
       (359, 'nibh.phasellus@outlook.net'),
       (360, 'iaculis.quis@protonmail.ca'),
       (361, 'magna@outlook.edu'),
       (362, 'amet@hotmail.edu'),
       (363, 'vitae.mauris.sit@yahoo.edu'),
       (364, 'nulla.vulputate@google.couk'),
       (365, 'mi.aliquam@yahoo.edu'),
       (366, 'auctor.quis@outlook.couk'),
       (367, 'parturient.montes@icloud.org'),
       (368, 'sollicitudin.orci.sem@aol.org'),
       (369, 'dui.lectus@hotmail.net'),
       (370, 'purus.nullam@icloud.org'),
       (371, 'eu@aol.couk'),
       (372, 'maecenas.iaculis@outlook.com'),
       (373, 'risus.donec@aol.edu'),
       (374, 'rhoncus.id.mollis@icloud.edu'),
       (375, 'eu@aol.edu'),
       (376, 'ullamcorper.duis@icloud.com'),
       (377, 'neque.in.ornare@icloud.com'),
       (378, 'in@yahoo.net'),
       (379, 'rhoncus.nullam@aol.ca'),
       (380, 'porttitor@yahoo.edu'),
       (381, 'ante.vivamus@protonmail.edu'),
       (382, 'fermentum.vel@icloud.net'),
       (383, 'cursus.integer@google.ca'),
       (384, 'sapien@yahoo.couk'),
       (385, 'libero.donec@icloud.com'),
       (386, 'nec.ante@google.edu'),
       (387, 'sagittis.semper.nam@protonmail.net'),
       (388, 'ipsum@google.couk'),
       (389, 'enim.etiam@outlook.com'),
       (390, 'amet.dapibus@protonmail.couk'),
       (391, 'faucibus@aol.ca'),
       (392, 'tempus.non@protonmail.ca'),
       (393, 'amet.faucibus@hotmail.com'),
       (394, 'curabitur.consequat@yahoo.net'),
       (395, 'nec@outlook.net'),
       (396, 'urna@aol.edu'),
       (397, 'cras.interdum.nunc@google.ca'),
       (398, 'phasellus.vitae.mauris@outlook.org'),
       (399, 'et.eros@hotmail.com'),
       (400, 'malesuada.fames.ac@outlook.net');
INSERT INTO email (person_id, email)
VALUES (401, 'dui.semper@hotmail.edu'),
       (402, 'arcu.sed@outlook.net'),
       (403, 'fringilla.donec.feugiat@icloud.com'),
       (404, 'mollis.integer.tincidunt@protonmail.com'),
       (405, 'faucibus.morbi.vehicula@protonmail.ca'),
       (406, 'nam.consequat@yahoo.edu'),
       (407, 'sodales.mauris.blandit@google.ca'),
       (408, 'consequat@google.com'),
       (409, 'vestibulum.nec@aol.ca'),
       (410, 'mi.duis.risus@yahoo.org'),
       (411, 'risus.duis@protonmail.ca'),
       (412, 'ac@aol.net'),
       (413, 'senectus@yahoo.couk'),
       (414, 'molestie.orci@hotmail.org'),
       (415, 'ornare@icloud.com'),
       (416, 'id@hotmail.org'),
       (417, 'egestas@icloud.ca'),
       (418, 'tincidunt.aliquam@hotmail.com'),
       (419, 'tortor.dictum@google.com'),
       (420, 'ullamcorper@yahoo.ca'),
       (421, 'rutrum@icloud.net'),
       (422, 'nec.ante@outlook.edu'),
       (423, 'orci.phasellus@outlook.net'),
       (424, 'pharetra.felis@hotmail.net'),
       (425, 'nec@aol.couk'),
       (426, 'cras@aol.ca'),
       (427, 'elit.aliquam@protonmail.com'),
       (428, 'augue.eu@aol.org'),
       (429, 'sed.eget@protonmail.com'),
       (430, 'pede.praesent@outlook.edu'),
       (431, 'quisque.nonummy@protonmail.ca'),
       (432, 'nam.ac@aol.edu'),
       (433, 'libero.est.congue@hotmail.net'),
       (434, 'parturient.montes@icloud.org'),
       (435, 'arcu@yahoo.ca'),
       (436, 'elit.sed.consequat@google.com'),
       (437, 'pede@hotmail.net'),
       (438, 'a.scelerisque.sed@outlook.edu'),
       (439, 'fringilla.porttitor@yahoo.net'),
       (440, 'nam@hotmail.edu'),
       (441, 'neque@yahoo.org'),
       (442, 'aliquam.erat@protonmail.net'),
       (443, 'lorem.sit.amet@protonmail.edu'),
       (444, 'laoreet@google.net'),
       (445, 'convallis.dolor@yahoo.com'),
       (446, 'mauris@icloud.org'),
       (447, 'phasellus@protonmail.ca'),
       (448, 'libero@protonmail.ca'),
       (449, 'ante@hotmail.couk'),
       (450, 'odio.nam.interdum@google.net');
INSERT INTO email (person_id, email)
VALUES (451, 'aliquam.eu@google.ca'),
       (452, 'facilisis@hotmail.net'),
       (453, 'est.ac.facilisis@hotmail.net'),
       (454, 'mattis.cras@yahoo.org'),
       (455, 'in.dolor.fusce@aol.net'),
       (456, 'enim.sit.amet@hotmail.net'),
       (457, 'sed.et.libero@icloud.net'),
       (458, 'vulputate@icloud.edu'),
       (459, 'phasellus.vitae@hotmail.net'),
       (460, 'ullamcorper.duis@yahoo.com'),
       (461, 'duis.risus.odio@aol.edu'),
       (462, 'risus.quis@protonmail.org'),
       (463, 'quam@google.com'),
       (464, 'pede.nec@google.ca'),
       (465, 'sed.orci@google.net'),
       (466, 'sit@yahoo.edu'),
       (467, 'sodales.at@aol.edu'),
       (468, 'at@hotmail.com'),
       (469, 'aliquam.iaculis@hotmail.com'),
       (470, 'arcu.vestibulum@hotmail.edu'),
       (471, 'euismod.ac@hotmail.org'),
       (472, 'feugiat.placerat@aol.net'),
       (473, 'vitae@hotmail.com'),
       (474, 'cum.sociis.natoque@protonmail.net'),
       (475, 'volutpat.nulla@hotmail.org'),
       (476, 'rutrum.eu@icloud.org'),
       (477, 'euismod@yahoo.org'),
       (478, 'ut.dolor.dapibus@aol.com'),
       (479, 'consequat.dolor@aol.ca'),
       (480, 'nec.enim.nunc@yahoo.net');

INSERT INTO address (address_id, city, zip, street)
VALUES (default, 'Swan Hill', '43356', 'Ap #145-1928 Tristique St.'),
       (default, 'Tibet', '26737', 'Ap #876-8111 Turpis Avenue'),
       (default, 'Belvedere Ostrense', '24734', '909-7155 Sed Av.'),
       (default, 'Calamba', '16736', '573-811 Dis Street'),
       (default, 'Mahikeng', '71559', '1841 Nunc Street'),
       (default, 'Lutsk', '52416', '4566 Cras Street'),
       (default, 'Pamplona', '76738', 'P.O. Box 745, 1114 In Road'),
       (default, 'Abbeville', '83395', 'Ap #867-1699 Morbi Av.'),
       (default, 'Galmaarden', '17743', 'P.O. Box 591, 1043 Vitae Rd.'),
       (default, 'Dunedin', '00677', 'Ap #694-4233 Non Av.'),
       (default, 'Nice', '57873', 'Ap #651-2440 Cras Rd.'),
       (default, 'Kumbakonam', '66370', '769-852 Tristique Av.'),
       (default, 'Bremen', '21417', 'Ap #676-2259 Ornare, Avenue'),
       (default, 'Oaxaca', '66387', '943-4323 Scelerisque Rd.'),
       (default, 'Imus', '46712', '860-833 Mus. Ave'),
       (default, 'Moss', '10834', '336-2149 Sollicitudin Avenue'),
       (default, 'Springs', '04773', 'P.O. Box 547, 6573 Aliquam St.'),
       (default, 'Rae Lakes', '19082', 'Ap #844-3139 Faucibus Rd.'),
       (default, 'Delhi', '33608', 'Ap #155-4491 Elit Street'),
       (default, 'Lebowakgomo', '34835', 'P.O. Box 354, 7102 Sit Rd.'),
       (default, 'Vetlanda', '56353', '5632 Rhoncus. Ave'),
       (default, 'Cabo de Santo Agostinho', '15987', 'Ap #220-808 Fusce Rd.'),
       (default, 'Geertruidenberg', '24283', '8436 Condimentum. Avenue'),
       (default, 'Vienna', '26004', 'Ap #513-991 Enim, Rd.'),
       (default, 'Getafe', '25426', '974-3909 Sagittis Street'),
       (default, 'Gladstone', '17776', '409-3374 Malesuada. Rd.'),
       (default, 'Vnh Long', '90922', '622-9590 Luctus Avenue'),
       (default, 'Dublin', '65785', '987-6438 Est. Ave'),
       (default, 'Neelum Valley', '81710', 'Ap #941-1344 Fermentum Rd.'),
       (default, 'Niort', '26833', 'Ap #606-8615 Egestas, Rd.'),
       (default, 'Victor Harbor', '50549', 'Ap #452-4280 Et Street'),
       (default, 'Mount Gambier', '26451', 'Ap #714-5015 Quisque St.'),
       (default, 'Quickborn', '36338', '229-3769 Ac Street'),
       (default, 'Saint-Di-des-Vosges', '05993', 'Ap #976-449 Iaculis Road'),
       (default, 'Lozova', '48467', 'Ap #716-8608 Diam. Rd.'),
       (default, 'Durness', '15814', 'Ap #248-844 Velit St.'),
       (default, 'Motueka', '24615', 'Ap #762-3976 Tortor. Road'),
       (default, 'Rnquil', '46192', 'Ap #923-1014 Sem St.'),
       (default, 'Guizhou', '75808', '358-5220 Nec Avenue'),
       (default, 'Secunda', '85731', '339-6976 Mauris St.'),
       (default, 'Dosquebradas', '36406', '923-3395 Lacus, Street'),
       (default, 'Arequipa', '32268', '8852 Amet Avenue'),
       (default, 'Ercilla', '13226', '956-5074 A, Road'),
       (default, 'Kohima', '85716', '9453 Augue Avenue'),
       (default, 'Angers', '45141', 'Ap #238-3277 Rhoncus. Rd.'),
       (default, 'Lower Hutt', '76388', '3376 Phasellus Avenue'),
       (default, 'Jnkping', '56197', '469-9300 Duis Road'),
       (default, 'Galway', '18887', '904 Mauris Av.'),
       (default, 'Cumnock', '84542', '3622 Ullamcorper Ave'),
       (default, 'Bostanii', '79433', '651-1587 Tellus, Road');
INSERT INTO address (address_id, city, zip, street)
VALUES (default, 'Pskov', '14375', 'Ap #753-6161 Ipsum Ave'),
       (default, 'Rotem', '17465', '464-295 Eget Rd.'),
       (default, 'Chancay', '42382', '7219 Nibh Rd.'),
       (default, 'Zwijnaarde', '26827', '7053 Est Street'),
       (default, 'Alsemberg', '93811', 'Ap #298-4957 Euismod Avenue'),
       (default, 'Wrigley', '52181', '9278 Sollicitudin Ave'),
       (default, 'San Cristbal de las Casas', '03273', '888-3314 Tellus Rd.'),
       (default, 'Biarritz', '30215', '970-3738 Nulla Av.'),
       (default, 'Tarnw', '77273', 'P.O. Box 877, 593 Erat Rd.'),
       (default, 'Sangju', '27697', '862-6176 Odio. Av.'),
       (default, 'Bonefro', '21336', '240-8118 Amet St.'),
       (default, 'Clydebank', '55517', 'P.O. Box 475, 2471 Feugiat. Av.'),
       (default, 'North Berwick', '38515', 'P.O. Box 685, 9426 Proin Avenue'),
       (default, 'Steinkjer', '48581', '228-471 Cursus Ave'),
       (default, 'Queenstown', '32485', '451-1675 Lobortis Street'),
       (default, 'Phan RangThp Chm', '97223', '733-6263 Nunc Rd.'),
       (default, 'Charleville-Mzires', '94640', '152-3113 Magna St.'),
       (default, 'Shaanxi', '51446', '161-7001 Nibh Rd.'),
       (default, 'Assen', '46724', 'P.O. Box 710, 9118 Nulla Ave'),
       (default, 'Nssj', '43860', '501-5620 Nec, Rd.'),
       (default, 'Municipal District', '54246', 'Ap #883-6473 Vulputate Rd.'),
       (default, 'Parepare', '64116', '202-3070 At Street'),
       (default, 'Bun Ma Thut', '66827', '886-5192 Tincidunt Avenue'),
       (default, 'Lo Cai', '24952', '340-4741 Fermentum Avenue'),
       (default, 'Mrsta', '17781', '170-354 Donec Street'),
       (default, 'Hammerfest', '15663', 'Ap #424-7828 Dolor Street'),
       (default, 'Oslo', '43424', 'Ap #500-1608 Ut St.'),
       (default, 'Shaanxi', '34275', '2530 Ipsum Road'),
       (default, 'Wha Ti', '57501', 'Ap #736-6743 Nisi. St.'),
       (default, 'Ambon', '36313', '443-3777 Id, Road'),
       (default, 'St. Ives', '73031', 'P.O. Box 247, 1832 Felis St.'),
       (default, 'Brest', '84176', '1907 Odio Ave'),
       (default, 'Tuxtla Gutirrez', '11083', '631-5630 Mollis St.'),
       (default, 'Kropyvnytskyi', '29222', '2173 Justo Av.'),
       (default, 'Castri di Lecce', '58802', '861-7975 Nec, St.'),
       (default, 'Calama', '10748', 'P.O. Box 244, 1863 Magna Av.'),
       (default, 'Th Du Mt', '06182', '304-939 Ligula St.'),
       (default, 'Palma de Mallorca', '18516', '9876 Id, Rd.'),
       (default, 'Lidkping', '73231', '126-2228 Arcu. Avenue'),
       (default, 'Musina', '40677', '188 Semper Rd.'),
       (default, 'Cirebon', '20343', 'Ap #706-6611 A, St.'),
       (default, 'Bragana', '57293', '384-5523 A, Av.'),
       (default, 'Mglin', '48329', 'Ap #727-7605 Eu Rd.'),
       (default, 'Jambi', '82154', '830-2054 Purus. Ave'),
       (default, 'Lima', '60335', '6663 Amet, St.'),
       (default, 'Kitsman', '35886', 'P.O. Box 566, 8365 Egestas Street'),
       (default, 'Trivandrum', '19765', 'P.O. Box 540, 9639 Lorem St.'),
       (default, 'Hindeloopen', '87013', 'Ap #805-7643 Aliquam Ave'),
       (default, 'Workington', '15046', '8558 Amet Rd.'),
       (default, 'Tangub', '73674', '871-3879 Sed Road');
INSERT INTO address (address_id, city, zip, street)
VALUES (default, 'Marina East', '26888', 'P.O. Box 712, 8492 Hendrerit St.'),
       (default, 'Piedras Negras', '53743', 'P.O. Box 949, 8648 Luctus Ave'),
       (default, 'Phalaborwa', '26257', 'Ap #116-1671 Non, Rd.'),
       (default, 'Rajanpur', '66353', '8923 Dolor Avenue'),
       (default, 'Kurram Agency', '53461', 'Ap #166-8110 Natoque St.'),
       (default, 'Buner', '88426', 'Ap #561-7970 Ac Rd.'),
       (default, 'Pia', '37562', 'Ap #828-6521 Sapien Rd.'),
       (default, 'Sderhamn', '30246', '4852 Sollicitudin Rd.'),
       (default, 'Holman', '85154', 'P.O. Box 895, 1023 Convallis Avenue'),
       (default, 'Kaduna', '54342', '5244 Dui Rd.'),
       (default, 'Imphal', '12710', '397-8410 Mattis. Avenue'),
       (default, 'San Diego', '25628', '295-3882 Tellus. Road'),
       (default, 'Palembang', '21128', '2340 Lacus, St.'),
       (default, 'Dordrecht', '55612', '7927 Tempor Rd.'),
       (default, 'Jilin', '17861', '4056 Libero. Rd.'),
       (default, 'Ashburton', '24615', 'Ap #214-1236 Libero Rd.'),
       (default, 'Jaboato dos Guararapes', '13771', '468-5089 Nulla Street'),
       (default, 'Dubno', '75821', '7060 Gravida Rd.'),
       (default, 'Jnkping', '21386', '667-5067 Mi St.'),
       (default, 'Akhisar', '92358', '1657 Non, St.'),
       (default, 'Pasir Ris', '34570', '509-9870 Nam Street'),
       (default, 'Guangxi', '05886', '947-1135 Ullamcorper. St.'),
       (default, 'Sevastopol', '66746', '6667 Tincidunt Av.'),
       (default, 'Invercargill', '64647', '522-915 Est. Avenue'),
       (default, 'San Rafael', '98877', 'Ap #366-2033 Penatibus Street'),
       (default, 'Bziers', '73775', 'P.O. Box 586, 2580 Adipiscing Rd.'),
       (default, 'Tauranga', '77188', 'P.O. Box 258, 7774 Penatibus Street'),
       (default, 'Vaughan', '68642', '1513 At, Rd.'),
       (default, 'Kano', '59349', '375-3807 Et Road'),
       (default, 'Gilgit', '14384', '3996 Enim Road'),
       (default, 'River Valley', '16811', 'P.O. Box 115, 7303 Fringilla Avenue'),
       (default, 'Ghizer', '37534', '233-5351 Pede Street'),
       (default, 'Frederikstad', '71352', 'Ap #431-9811 Duis Av.'),
       (default, 'Bukit Batok', '95323', '6429 Purus Av.'),
       (default, 'Paranagu', '16586', '577-745 Parturient St.'),
       (default, 'Shanghai', '69455', '975-2324 Ut Rd.'),
       (default, 'Marina South', '32447', 'P.O. Box 943, 1023 Dignissim St.'),
       (default, 'Kendari', '68673', 'P.O. Box 882, 4925 Ac St.'),
       (default, 'Novosibirsk', '22313', 'Ap #502-1846 Duis St.'),
       (default, 'Keith', '43551', '237-1999 Sodales Av.'),
       (default, 'Cochrane', '60231', '258-2248 Nec, St.'),
       (default, 'Chepn', '54847', '392-5910 Nunc Road'),
       (default, 'Daman', '37025', '776-716 Sit Road'),
       (default, 'Mount Gambier', '77926', 'Ap #708-4316 Sem St.'),
       (default, 'Cras-Avernas', '28196', 'Ap #712-3267 Diam St.'),
       (default, 'Parramatta', '67624', '250-8768 Metus. Rd.'),
       (default, 'Le Petit-Quevilly', '63237', '2045 Bibendum Avenue'),
       (default, 'Port Pirie', '17521', 'Ap #456-7194 Nullam Street'),
       (default, 'Heredia', '21156', 'Ap #304-4344 A St.'),
       (default, 'Bida', '37911', '144-3521 Nam Rd.');
INSERT INTO address (address_id, city, zip, street)
VALUES (default, 'Iquitos', '86886', 'Ap #954-8948 Lorem Street'),
       (default, 'Sankt Johann im Pongau', '02685', '348-6828 Sodales Rd.'),
       (default, 'Nasirabad', '17576', 'Ap #237-7906 Accumsan St.'),
       (default, 'Hamburg', '41219', '440-7343 Aliquam St.'),
       (default, 'Telford', '32727', '417-6596 Sociis Av.'),
       (default, 'Cherepovets', '94426', '542 Cursus St.'),
       (default, 'Ang Mo Kio', '58338', '358-1636 Dolor. St.'),
       (default, 'Araban', '42569', 'Ap #329-5708 Est St.'),
       (default, 'Bilaspur', '35142', 'Ap #947-4522 Arcu. Street'),
       (default, 'Poltava', '74175', '5342 Magnis Rd.'),
       (default, 'Tibet', '27346', '847-8541 Rhoncus. Road'),
       (default, 'Quibd', '61219', 'Ap #424-7473 Ipsum St.'),
       (default, 'Qung Ngi', '27284', 'Ap #735-8714 Dui. Street'),
       (default, 'Utrecht', '33352', '843-5099 Et Street'),
       (default, 'Jeongeup', '13126', 'Ap #157-7978 Parturient St.'),
       (default, 'Mykolaiv', '26824', '876-4805 Elementum Rd.'),
       (default, 'Vadodara', '12476', '405-9553 Nascetur Road'),
       (default, 'Mmabatho', '78823', '3141 In Avenue'),
       (default, 'Oaxaca', '46511', '569-8400 Nec Rd.'),
       (default, 'Jayapura', '35942', 'Ap #364-2923 Tellus Road'),
       (default, 'Bolsward', '25435', 'P.O. Box 568, 8644 Mauris Rd.'),
       (default, 'Uppingham. Cottesmore', '70480', '886-951 Vivamus St.'),
       (default, 'Pfungstadt', '85181', 'P.O. Box 964, 9820 Fringilla, Rd.'),
       (default, 'Kamianske', '51987', '194-9562 Tincidunt Avenue'),
       (default, 'Heilongjiang', '90404', 'Ap #857-8038 Ac Rd.'),
       (default, 'Tiel', '49361', '696-9853 Placerat Rd.'),
       (default, 'Sandviken', '33563', 'Ap #817-7433 Purus, Avenue'),
       (default, 'Lillehammer', '85948', 'Ap #965-8738 Lectus Rd.'),
       (default, 'Deutschkreutz', '63206', 'Ap #584-7108 Congue Rd.'),
       (default, 'Tlaquepaque', '62765', 'Ap #891-7462 Dolor Ave'),
       (default, 'Novo Hamburgo', '10523', '459-2601 Viverra. Ave'),
       (default, 'Turnhout', '12623', 'P.O. Box 939, 3200 Leo Road'),
       (default, 'Montenegro', '04752', 'Ap #909-6513 Euismod St.'),
       (default, 'Kherson', '67367', 'Ap #514-4718 Lorem Road'),
       (default, 'Calapan', '74758', 'Ap #389-5501 Eget St.'),
       (default, 'Bergen op Zoom', '95693', 'P.O. Box 238, 834 Felis. Road'),
       (default, 'Logroo', '42682', 'Ap #369-8263 Odio, Avenue'),
       (default, 'Asan', '68666', 'Ap #488-3692 Ac Street'),
       (default, 'Antalya', '61218', '575-5585 Vel, St.'),
       (default, 'Wels', '51487', 'Ap #761-5550 A St.'),
       (default, 'Murcia', '63080', '955-2824 Donec Rd.'),
       (default, 'Watson Lake', '76528', 'Ap #246-2562 Tellus Ave'),
       (default, 'Portsoy', '70871', 'P.O. Box 415, 7955 Sollicitudin Av.'),
       (default, 'Vance', '64066', 'P.O. Box 609, 6574 Dictum St.'),
       (default, 'Hudson''s Hope', '44123', 'P.O. Box 907, 1359 Amet, Rd.'),
       (default, 'Johnstone', '06372', '3694 Est Av.'),
       (default, 'Watson Lake', '47846', '351-8379 Ligula. Rd.'),
       (default, 'Drachten', '39487', 'Ap #314-5879 Luctus Street'),
       (default, 'Caloocan', '61188', '7297 Lacus. Ave'),
       (default, 'Nieuwegein', '73438', '630-5624 Urna Road');
INSERT INTO address (address_id, city, zip, street)
VALUES (default, 'Trivandrum', '10130', '879 Ut, Rd.'),
       (default, 'Tengah', '28955', '427-4584 Magna. St.'),
       (default, 'Natales', '84633', 'Ap #258-5492 Sit Rd.'),
       (default, 'Heppenheim', '11504', '205-3542 Est Av.'),
       (default, 'Cinaga', '46665', 'P.O. Box 277, 5307 Aliquet Road'),
       (default, 'Calle Blancos', '24037', '271-8799 Suspendisse Ave'),
       (default, 'Hammerfest', '65844', '757-9734 Ultrices Ave'),
       (default, 'Battagram', '63834', 'Ap #347-2629 Nascetur Rd.'),
       (default, 'Musakhel', '88564', '909-6882 Amet Road'),
       (default, 'Zierikzee', '92440', '2022 Magna Avenue'),
       (default, 'Parramatta', '98748', '919-8151 Dictum Avenue'),
       (default, 'Almere', '10054', '397-3064 Nullam Rd.'),
       (default, 'Ludvika', '64851', '469-2535 Ut, Av.'),
       (default, 'Beausejour', '33464', '619-3893 Lorem St.'),
       (default, 'Shillong', '65688', '312-969 Eleifend. Av.'),
       (default, 'Changi', '24389', '449-3459 A St.'),
       (default, 'Cleveland', '23954', 'P.O. Box 401, 8402 Mollis. Road'),
       (default, 'Wonju', '32862', '865 Lacus. Road'),
       (default, 'Almere', '44587', '4703 Hendrerit. Rd.'),
       (default, 'Lambayeque', '33020', 'P.O. Box 859, 3351 Sociosqu Rd.'),
       (default, 'Dublin', '64411', '511-2841 Eu Rd.'),
       (default, 'Patna', '73296', '841-2369 Eu St.'),
       (default, 'Ro Bueno', '31249', 'Ap #335-3291 Volutpat St.'),
       (default, 'Dublin', '11532', 'Ap #613-9408 Donec Av.'),
       (default, 'Koszalin', '35771', '1917 Cras Ave'),
       (default, 'Villa Santo Stefano', '64071', '288-3292 Eget, Avenue'),
       (default, 'Swat', '89465', '2120 Sem. Rd.'),
       (default, 'Siquirres', '23180', 'Ap #282-8098 Purus, Ave'),
       (default, 'Cork', '04357', '6241 Id Road'),
       (default, 'Gloucester', '00280', 'Ap #413-5789 Vulputate, Road'),
       (default, 'Cajazeiras', '32447', '2734 Dui Avenue'),
       (default, 'Wardha', '26131', '3505 Aliquam Road'),
       (default, 'Talca', '55080', '288-8755 Magna. Rd.'),
       (default, 'Gdask', '33813', 'Ap #858-1071 Nullam St.'),
       (default, 'Charlottetown', '67151', 'P.O. Box 324, 4358 Justo Ave'),
       (default, 'Ambon', '41437', 'P.O. Box 359, 241 Facilisis. Ave'),
       (default, 'Mara Pinto', '11676', '2017 Varius. St.'),
       (default, 'Uddevalla', '32456', 'P.O. Box 251, 1619 Iaculis Rd.'),
       (default, 'Tierra Amarilla', '86546', '808-1346 Interdum. Ave'),
       (default, 'Kano', '14855', 'Ap #445-3730 Rutrum Ave'),
       (default, 'Sderhamn', '57505', '155-9643 Morbi St.'),
       (default, 'Workum', '25876', '461-8415 At St.'),
       (default, 'Mahikeng', '29898', 'P.O. Box 105, 4582 Venenatis Street'),
       (default, 'Zwelitsha', '61287', 'P.O. Box 823, 9369 Enim, Av.'),
       (default, 'Marine Parade', '12764', '501-3555 Orci. Road'),
       (default, 'Castelmarte', '68076', 'Ap #121-2169 Metus. Av.'),
       (default, 'Cusco', '81460', '2946 Quisque Av.'),
       (default, 'Toronto', '98451', '904-4818 Nec St.'),
       (default, 'Bukit Batok', '19633', '2746 Eget, St.'),
       (default, 'Guangdong', '46895', 'Ap #557-5021 Quam. Av.');
INSERT INTO address (address_id, city, zip, street)
VALUES (default, 'York', '88255', '139 Non, Avenue'),
       (default, 'Fort Collins', '53917', '838-2922 Morbi Av.'),
       (default, 'Saint Petersburg', '67840', '739-6251 Consequat Av.'),
       (default, 'Levin', '95783', 'Ap #595-639 Id Rd.'),
       (default, 'Warisoulx', '23780', 'P.O. Box 317, 5832 Hendrerit Av.'),
       (default, 'Burhaniye', '11956', '6806 Vel St.'),
       (default, 'Manavgat', '35668', 'Ap #427-4996 Et, Avenue'),
       (default, 'Soledad de Graciano Snchez', '75188', '6824 Nulla Road'),
       (default, 'Stjrdalshalsen', '67621', 'Ap #576-2418 Fusce Road'),
       (default, 'Gimcheon', '23272', 'P.O. Box 569, 3519 Donec St.'),
       (default, 'Zaragoza', '35307', '838-3995 Ac Avenue'),
       (default, 'Kitzbhel', '74238', '934-9553 Augue. St.'),
       (default, 'Tampico', '42714', 'Ap #706-320 Sem. St.'),
       (default, 'Shanghai', '64327', '637-7003 Eros. St.'),
       (default, 'Yishun', '34410', 'Ap #280-6964 Purus. Street'),
       (default, 'Juliaca', '52326', 'P.O. Box 610, 6669 Sed, Rd.'),
       (default, 'Hamburg', '63762', '479-5789 Fames St.'),
       (default, 'Sint-Kruis-Winkel', '23781', 'Ap #244-6788 Eros. St.'),
       (default, 'Kohima', '23352', '486-9449 Ridiculus Avenue'),
       (default, 'Gbongan', '35168', '672-2626 Fringilla. St.'),
       (default, 'Jiangxi', '19613', 'P.O. Box 949, 2830 Ut, St.'),
       (default, 'Palembang', '74388', 'P.O. Box 230, 6072 Quisque Ave'),
       (default, 'Galway', '43740', '983-5668 Donec Av.'),
       (default, 'Okigwe', '33829', 'Ap #824-8824 Lacinia St.'),
       (default, 'Chuncheon', '10902', 'Ap #468-5500 Curabitur St.'),
       (default, 'Sheffield', '19171', 'P.O. Box 582, 7652 Lectus Rd.'),
       (default, 'Kotli', '54687', '6433 Congue, Av.'),
       (default, 'Sarpsborg', '93985', 'Ap #640-7827 Lobortis Rd.'),
       (default, 'Finspng', '04662', 'Ap #537-2359 Gravida St.'),
       (default, 'Hyres', '66116', 'Ap #167-5759 Malesuada Road'),
       (default, 'Vrnamo', '28088', '125-8245 Sed St.'),
       (default, 'Topeka', '32641', 'P.O. Box 664, 2472 Duis St.'),
       (default, 'Tijuana', '03565', 'Ap #353-8207 Tempus Ave'),
       (default, 'Ligao', '10866', 'Ap #884-6761 Nec Rd.'),
       (default, 'Mysore', '17002', '215-7208 Penatibus Avenue'),
       (default, 'Ararat', '21584', '279-3432 Est, Rd.'),
       (default, 'Nizhyn', '96297', 'P.O. Box 929, 9778 Feugiat Ave'),
       (default, 'Houston', '43742', 'Ap #152-2298 Neque Rd.'),
       (default, 'Zwelitsha', '35535', 'Ap #652-3285 Ac Av.'),
       (default, 'Lichfield', '61165', '644-3872 Felis. Avenue'),
       (default, 'Hyderabad', '57940', 'P.O. Box 511, 1569 Sagittis Avenue'),
       (default, 'Alto Hospicio', '67882', '309-2960 Mauris. Avenue'),
       (default, 'Shanxi', '01846', 'P.O. Box 416, 1001 Elit St.'),
       (default, 'Gdask', '53264', 'Ap #259-4310 Lectus St.'),
       (default, 'd', '93023', 'Ap #163-5156 Pellentesque, Ave'),
       (default, 'Cherbourg-Octeville', '32242', 'P.O. Box 415, 5506 Arcu. Rd.'),
       (default, 'Tarma', '26542', '820-3939 Lectus Road'),
       (default, 'Onitsha', '18027', '2029 Habitant Road'),
       (default, 'Jeongeup', '54724', 'Ap #578-9659 Interdum. St.'),
       (default, 'Huesca', '68442', '386-3783 Nec, Av.');
INSERT INTO address (address_id, city, zip, street)
VALUES (default, 'Avesta', '90898', 'P.O. Box 473, 5297 Placerat. St.'),
       (default, 'Brovary', '68453', 'Ap #708-7578 Ornare. St.'),
       (default, 'Juazeiro do Norte', '59015', 'Ap #651-4568 Et Ave'),
       (default, 'Maiduguri', '75818', '526-7329 Augue St.'),
       (default, 'Cuernavaca', '93068', 'Ap #586-5530 A, Road'),
       (default, 'Baltimore', '12014', '4417 Venenatis St.'),
       (default, 'Eugene', '44291', 'Ap #175-5930 Fringilla. Avenue'),
       (default, 'Rocca di Cambio', '51007', '913-9914 Ridiculus Av.'),
       (default, 'Pacoa', '26464', '3128 Nulla. Ave'),
       (default, 'Mng Lay', '89729', '617-2818 Id Street'),
       (default, 'Calbayog', '38649', 'P.O. Box 435, 5681 Cursus, St.'),
       (default, 'Oaxaca', '67643', 'P.O. Box 802, 9418 Est, Road'),
       (default, 'Sapele', '49479', 'Ap #321-7036 Nec Rd.'),
       (default, 'Nil-Saint-Vincent-Saint-Martin', '64898', '476-7026 Scelerisque St.'),
       (default, 'Ternate', '46747', 'Ap #769-4193 Ante St.'),
       (default, 'Cork', '16347', '568-5635 Dui. St.'),
       (default, 'Velden am Wrther See', '11595', 'Ap #419-5818 Enim. Street'),
       (default, 'Sorg', '50153', 'P.O. Box 892, 7795 Nunc Av.'),
       (default, 'Zapopan', '35077', '1287 Lectus St.'),
       (default, 'San Jos de Alajuela', '20471', 'Ap #526-7245 Non, Road'),
       (default, 'Liaoning', '14911', 'Ap #584-3794 Fringilla St.'),
       (default, 'Yeosu', '56918', '249-9885 Mattis Avenue'),
       (default, 'Western Islands', '03678', '915-5693 Orci, Avenue'),
       (default, 'Montpellier', '41517', 'Ap #343-4943 Enim. St.'),
       (default, 'Nancy', '96863', '721-3928 Non, Ave'),
       (default, 'Devonport', '30844', '684-722 Arcu. St.'),
       (default, 'Santa Marta', '27386', '778-362 Erat St.'),
       (default, 'El Tambo', '22826', 'Ap #944-2856 Sed Av.'),
       (default, 'Xalapa', '37914', '3213 Porta Road'),
       (default, 'Alingss', '66837', 'Ap #511-7697 Amet Rd.'),
       (default, 'Shimla', '15936', 'Ap #531-4208 Vulputate Street'),
       (default, 'Newton', '55284', 'Ap #848-5783 Venenatis Av.'),
       (default, 'Tabuk', '12924', '4922 Gravida. St.'),
       (default, 'Brive-la-Gaillarde', '64761', '782-1068 Maecenas St.'),
       (default, 'Yangsan', '87844', '459-6082 Tellus Rd.'),
       (default, 'Avesta', '20648', '191-8939 Amet, Ave'),
       (default, 'Dublin', '87475', 'Ap #664-1916 Magna Ave'),
       (default, 'Gansu', '59575', 'P.O. Box 801, 7342 Habitant Avenue'),
       (default, 'Quertaro', '75319', 'Ap #752-3834 Lorem Avenue'),
       (default, 'Muradiye', '98236', 'Ap #777-4625 Quis Rd.'),
       (default, 'Yurimaguas', '04372', 'P.O. Box 989, 3973 In Road'),
       (default, 'Saltillo', '79531', '3791 Nisi Avenue'),
       (default, 'Bun Ma Thut', '21425', '378-3593 Sapien. Road'),
       (default, 'Antipolo', '14545', '387-2938 Risus. Road'),
       (default, 'Manokwari', '18684', '137-6749 Natoque Rd.'),
       (default, 'Huancayo', '18283', 'P.O. Box 820, 5956 Nec, St.'),
       (default, 'Dieppe', '36372', '7577 Luctus St.'),
       (default, 'Wrgl', '45721', 'Ap #376-8524 Luctus Rd.'),
       (default, 'Ha Bnh', '58134', 'P.O. Box 141, 2386 Tempor Av.'),
       (default, 'Orkanger', '78057', 'Ap #322-4095 Nulla Avenue');
INSERT INTO address (address_id, city, zip, street)
VALUES (default, 'Harstad', '50551', '7028 Non Rd.'),
       (default, 'Frde', '55070', '434-735 Lacus. Rd.'),
       (default, 'Dublin', '27511', 'Ap #811-3128 Fames St.'),
       (default, 'aramba', '45774', '313-7110 In Street'),
       (default, 'Dagupan City', '11951', 'Ap #556-3925 Sed Street'),
       (default, 'Ccuta', '55498', '517-4382 Tristique Avenue'),
       (default, 'Laja', '37211', 'Ap #521-8360 Pretium Rd.'),
       (default, 'Saint John', '26160', '675-2796 Metus St.'),
       (default, 'Tours', '17825', '267-4174 Lectus Ave'),
       (default, 'Tidore', '39292', 'P.O. Box 542, 3404 A St.'),
       (default, 'Lipetsk', '25650', 'Ap #834-7966 Diam. Road'),
       (default, 'Tejar', '64317', '1308 Dui Rd.'),
       (default, 'Ternat', '77451', 'Ap #961-8892 Aenean Rd.'),
       (default, 'Kalisz', '18213', '667-830 Dapibus Ave'),
       (default, 'Awka', '34425', '9642 Fusce Rd.'),
       (default, 'Caas', '71678', '2563 Erat Ave'),
       (default, 'Port Nolloth', '05795', '600-7703 Orci. Street'),
       (default, 'Geertruidenberg', '69732', '189-2407 Ornare St.'),
       (default, 'Riohacha', '66868', 'Ap #978-3899 Non, Rd.'),
       (default, 'Queenstown', '56112', 'Ap #336-2424 Vitae St.'),
       (default, 'El Salvador', '56146', '310-3786 Mauris Road'),
       (default, 'Parepare', '09660', '295-2970 Non Rd.'),
       (default, 'Santa Caterina Villarmosa', '29664', 'P.O. Box 337, 4747 Cum Avenue'),
       (default, 'Nh Qunh', '24646', 'Ap #884-4451 Sed, St.'),
       (default, 'Darbhanga', '76577', '9034 Eget Avenue'),
       (default, 'Rockhampton', '19056', 'Ap #671-5976 Fames St.'),
       (default, 'Vinh', '07650', '5333 Facilisis, Rd.'),
       (default, 'Wrexham', '13343', 'P.O. Box 923, 7529 Quisque St.'),
       (default, 'Hamar', '70167', '8065 Cursus, Ave'),
       (default, 'Qinghai', '65981', '9668 Tincidunt, Rd.'),
       (default, 'Port Nolloth', '81451', 'P.O. Box 533, 3451 Blandit Street'),
       (default, 'Odessa', '57175', 'Ap #929-2654 Quam Avenue'),
       (default, 'Pinetown', '24872', 'Ap #862-3676 A, Rd.'),
       (default, 'Karachi', '75363', '6907 Magna St.'),
       (default, 'Grezzana', '11175', 'P.O. Box 181, 4765 Dictum Street'),
       (default, 'Cambridge Bay', '57663', '701-7561 Vulputate, St.'),
       (default, 'Regina', '15953', 'Ap #786-7838 Per St.'),
       (default, 'Saravena', '52241', '173 Enim Rd.'),
       (default, 'Huaraz', '90360', '724-728 Hendrerit Road'),
       (default, 'Woodlands', '54451', '798-355 Lorem Av.'),
       (default, 'Cascavel', '47755', '1871 Curabitur Ave'),
       (default, 'Zavitinsk', '67153', '6538 Quisque St.'),
       (default, 'Ambala Sadar', '68815', '138-2366 Metus. Rd.'),
       (default, 'Monteu Roero', '45453', 'Ap #864-9832 Netus St.'),
       (default, 'Cajazeiras', '63256', '481-3985 Hendrerit. Street'),
       (default, 'Cairns', '97396', 'P.O. Box 928, 304 Montes, Rd.'),
       (default, 'Kano', '25248', '5380 Laoreet, Avenue'),
       (default, 'Cour-sur-Heure', '88826', '508-5195 Fermentum Rd.'),
       (default, 'Markham', '46623', '951-5593 Sed Rd.'),
       (default, 'Zaragoza', '44972', '677-6318 Et Rd.');
INSERT INTO address (address_id, city, zip, street)
VALUES (default, 'Heredia', '52863', '707 Diam. Street'),
       (default, 'Salihli', '09431', 'Ap #250-6647 Mauris Rd.'),
       (default, 'Almere', '33157', 'Ap #241-368 Tempus Rd.'),
       (default, 'Da Lat', '35503', '7508 Vel Avenue'),
       (default, 'Kessel', '32403', 'Ap #128-9279 Malesuada. Street'),
       (default, 'Middelburg', '35016', 'Ap #821-7850 Mus. St.'),
       (default, 'Yn Lc', '73618', '598-4995 Ultricies Rd.'),
       (default, 'Huaraz', '84711', '2337 A, St.'),
       (default, 'Huaral', '42851', 'Ap #583-7718 Faucibus Avenue'),
       (default, 'Nijkerk', '65953', 'Ap #482-2892 In Rd.'),
       (default, 'Canberra', '26189', 'P.O. Box 891, 1108 Congue Av.'),
       (default, 'Radom', '34147', '8950 Nulla Av.'),
       (default, 'Duitama', '04429', 'P.O. Box 363, 3072 Morbi Rd.'),
       (default, 'Montpelier', '25222', 'Ap #548-8322 Vestibulum Rd.'),
       (default, 'San Juan de Dios', '27132', 'Ap #355-2095 Nibh Av.'),
       (default, 'Schwechat', '36266', 'P.O. Box 755, 1308 Praesent St.'),
       (default, 'Czstochowa', '61245', '807-6253 Consequat Street'),
       (default, 'Przemyl', '17332', '819-7036 Velit. St.'),
       (default, 'Banjarbaru', '43113', 'Ap #349-840 Nulla. St.'),
       (default, 'Vlklingen', '88742', '339-4105 Diam Ave'),
       (default, 'Gingoog', '57305', 'P.O. Box 502, 9409 Mus. St.'),
       (default, 'Gunsan', '53300', '789-7756 Eu Avenue'),
       (default, 'Attimis', '36823', '6596 Amet St.'),
       (default, 'Kostroma', '89893', '807-3830 Est. St.'),
       (default, 'Polokwane', '25245', '799-6601 Et, St.'),
       (default, 'Trujillo', '38311', '968-8372 Dignissim Rd.'),
       (default, 'Daejeon', '41345', '381-2173 Arcu. Ave'),
       (default, 'Bollns', '66476', 'Ap #761-9420 Non Rd.'),
       (default, 'Calamar', '77377', '597-4787 Tellus. Rd.'),
       (default, 'Carcassonne', '37378', 'Ap #534-9012 Aliquam Avenue'),
       (default, 'Gunsan', '13600', '721-797 A St.'),
       (default, 'Subbiano', '55624', '3424 Cum Rd.'),
       (default, 'Birmingham', '27358', '445-4898 Sollicitudin Avenue'),
       (default, 'Frederick', '14342', 'Ap #620-9509 Quam Avenue'),
       (default, 'Blenheim', '24838', '411-970 A, Rd.'),
       (default, 'Villahermosa', '43534', '965-3950 Sagittis St.'),
       (default, 'Paz de Ariporo', '23365', 'Ap #492-333 Dolor Rd.'),
       (default, 'Whitby', '15362', '869-1459 Enim. St.'),
       (default, 'Coevorden', '81488', '4926 Orci Avenue'),
       (default, 'Tabaco', '26443', 'Ap #210-1248 At, St.'),
       (default, 'Mariquina', '68310', '337-6566 Hendrerit Ave'),
       (default, 'Floridablanca', '85291', '595-6357 Eleifend St.'),
       (default, 'Guangdong', '30342', 'Ap #987-7339 Mauris Road'),
       (default, 'Cork', '89617', 'Ap #130-1518 Vitae Rd.'),
       (default, 'Meycauayan', '13846', '860-9586 Eu, Street'),
       (default, 'Hard', '63442', 'Ap #729-2206 Arcu. Ave'),
       (default, 'Rabbi', '39374', '725-302 Nec Road'),
       (default, 'Bilbo', '12755', '6467 Libero Avenue'),
       (default, 'Vads', '04126', '377-3121 Senectus St.'),
       (default, 'Stonewall', '64593', 'Ap #848-5786 Velit. Road');
INSERT INTO address (address_id, city, zip, street)
VALUES (default, 'Porirua', '40126', '1869 Facilisis Street'),
       (default, 'Keiem', '42993', '407-9101 Lacinia Street'),
       (default, 'Topeka', '33380', '3379 Augue Street'),
       (default, 'San Fernando', '58174', '2289 Proin Rd.'),
       (default, 'Mjlby', '67380', '661-7318 Eget Ave'),
       (default, 'Soacha', '12736', 'Ap #586-9965 Tristique Avenue'),
       (default, 'Sarpsborg', '28717', '926-4573 At Rd.'),
       (default, 'Hard', '92965', '895-539 Semper Avenue'),
       (default, 'Punggol', '47234', 'Ap #678-9667 Nisi. St.'),
       (default, 'Simpang', '53055', '958-6150 Mollis Road'),
       (default, 'Novgorod', '31517', 'Ap #220-3192 Faucibus Ave'),
       (default, 'Victor Harbor', '46267', 'Ap #760-3736 Lacinia Avenue'),
       (default, 'Sechura', '27137', 'Ap #467-8904 A Av.'),
       (default, 'Gia Ngha', '13784', '957-2323 Dictum Rd.'),
       (default, 'Mrsta', '13723', 'P.O. Box 925, 5367 Arcu. Avenue'),
       (default, 'Woodlands', '77387', '239-5305 Quis Rd.'),
       (default, 'Toledo', '70474', '7225 Dui St.'),
       (default, 'Zoetermeer', '88667', 'Ap #634-1639 Taciti Rd.'),
       (default, 'Mersin', '46603', 'P.O. Box 905, 7386 Dictum Av.'),
       (default, 'Ashburton', '41740', 'P.O. Box 474, 9223 Dolor. Road'),
       (default, 'Mora', '58993', 'Ap #939-4456 Felis St.'),
       (default, 'Icheon', '59461', 'P.O. Box 146, 4964 Aliquet. Street'),
       (default, 'Gboko', '24541', 'P.O. Box 363, 6916 Adipiscing Av.'),
       (default, 'Bunbury', '61773', 'Ap #942-7114 Ullamcorper. Av.'),
       (default, 'Little Rock', '15257', '204-4815 Diam St.'),
       (default, 'Hebei', '34857', 'Ap #639-4582 Vulputate Road'),
       (default, 'Balanga', '35838', 'Ap #342-7498 At Street'),
       (default, 'Gia Lc', '64451', 'Ap #342-6587 Sit St.'),
       (default, 'Llanquihue', '62188', 'P.O. Box 894, 8379 Vitae Rd.'),
       (default, 'Randfontein', '67424', '1903 Scelerisque Avenue');

INSERT INTO person_address (person_id, address_id)
VALUES (1, 1),
       (2, 2),
       (3, 3),
       (4, 4),
       (5, 5),
       (6, 6),
       (7, 7),
       (8, 8),
       (9, 9),
       (10, 10),
       (11, 11),
       (12, 12),
       (13, 13),
       (14, 14),
       (15, 15),
       (16, 16),
       (17, 17),
       (18, 18),
       (19, 19),
       (20, 20),
       (21, 21),
       (22, 22),
       (23, 23),
       (24, 24),
       (25, 25),
       (26, 26),
       (27, 27),
       (28, 28),
       (29, 29),
       (30, 30),
       (31, 31),
       (32, 32),
       (33, 33),
       (34, 34),
       (35, 35),
       (36, 36),
       (37, 37),
       (38, 38),
       (39, 39),
       (40, 40),
       (41, 41),
       (42, 42),
       (43, 43),
       (44, 44),
       (45, 45),
       (46, 46),
       (47, 47),
       (48, 48),
       (49, 49),
       (50, 50);
INSERT INTO person_address (person_id, address_id)
VALUES (51, 51),
       (52, 52),
       (53, 53),
       (54, 54),
       (55, 55),
       (56, 56),
       (57, 57),
       (58, 58),
       (59, 59),
       (60, 60),
       (61, 61),
       (62, 62),
       (63, 63),
       (64, 64),
       (65, 65),
       (66, 66),
       (67, 67),
       (68, 68),
       (69, 69),
       (70, 70),
       (71, 71),
       (72, 72),
       (73, 73),
       (74, 74),
       (75, 75),
       (76, 76),
       (77, 77),
       (78, 78),
       (79, 79),
       (80, 80),
       (81, 81),
       (82, 82),
       (83, 83),
       (84, 84),
       (85, 85),
       (86, 86),
       (87, 87),
       (88, 88),
       (89, 89),
       (90, 90),
       (91, 91),
       (92, 92),
       (93, 93),
       (94, 94),
       (95, 95),
       (96, 96),
       (97, 97),
       (98, 98),
       (99, 99),
       (100, 100);
INSERT INTO person_address (person_id, address_id)
VALUES (101, 101),
       (102, 102),
       (103, 103),
       (104, 104),
       (105, 105),
       (106, 106),
       (107, 107),
       (108, 108),
       (109, 109),
       (110, 110),
       (111, 111),
       (112, 112),
       (113, 113),
       (114, 114),
       (115, 115),
       (116, 116),
       (117, 117),
       (118, 118),
       (119, 119),
       (120, 120),
       (121, 121),
       (122, 122),
       (123, 123),
       (124, 124),
       (125, 125),
       (126, 126),
       (127, 127),
       (128, 128),
       (129, 129),
       (130, 130),
       (131, 131),
       (132, 132),
       (133, 133),
       (134, 134),
       (135, 135),
       (136, 136),
       (137, 137),
       (138, 138),
       (139, 139),
       (140, 140),
       (141, 141),
       (142, 142),
       (143, 143),
       (144, 144),
       (145, 145),
       (146, 146),
       (147, 147),
       (148, 148),
       (149, 149),
       (150, 150);
INSERT INTO person_address (person_id, address_id)
VALUES (151, 151),
       (152, 152),
       (153, 153),
       (154, 154),
       (155, 155),
       (156, 156),
       (157, 157),
       (158, 158),
       (159, 159),
       (160, 160),
       (161, 161),
       (162, 162),
       (163, 163),
       (164, 164),
       (165, 165),
       (166, 166),
       (167, 167),
       (168, 168),
       (169, 169),
       (170, 170),
       (171, 171),
       (172, 172),
       (173, 173),
       (174, 174),
       (175, 175),
       (176, 176),
       (177, 177),
       (178, 178),
       (179, 179),
       (180, 180),
       (181, 181),
       (182, 182),
       (183, 183),
       (184, 184),
       (185, 185),
       (186, 186),
       (187, 187),
       (188, 188),
       (189, 189),
       (190, 190),
       (191, 191),
       (192, 192),
       (193, 193),
       (194, 194),
       (195, 195),
       (196, 196),
       (197, 197),
       (198, 198),
       (199, 199),
       (200, 200);
INSERT INTO person_address (person_id, address_id)
VALUES (201, 201),
       (202, 202),
       (203, 203),
       (204, 204),
       (205, 205),
       (206, 206),
       (207, 207),
       (208, 208),
       (209, 209),
       (210, 210),
       (211, 211),
       (212, 212),
       (213, 213),
       (214, 214),
       (215, 215),
       (216, 216),
       (217, 217),
       (218, 218),
       (219, 219),
       (220, 220),
       (221, 221),
       (222, 222),
       (223, 223),
       (224, 224),
       (225, 225),
       (226, 226),
       (227, 227),
       (228, 228),
       (229, 229),
       (230, 230),
       (231, 231),
       (232, 232),
       (233, 233),
       (234, 234),
       (235, 235),
       (236, 236),
       (237, 237),
       (238, 238),
       (239, 239),
       (240, 240),
       (241, 241),
       (242, 242),
       (243, 243),
       (244, 244),
       (245, 245),
       (246, 246),
       (247, 247),
       (248, 248),
       (249, 249),
       (250, 250);
INSERT INTO person_address (person_id, address_id)
VALUES (251, 251),
       (252, 252),
       (253, 253),
       (254, 254),
       (255, 255),
       (256, 256),
       (257, 257),
       (258, 258),
       (259, 259),
       (260, 260),
       (261, 261),
       (262, 262),
       (263, 263),
       (264, 264),
       (265, 265),
       (266, 266),
       (267, 267),
       (268, 268),
       (269, 269),
       (270, 270),
       (271, 271),
       (272, 272),
       (273, 273),
       (274, 274),
       (275, 275),
       (276, 276),
       (277, 277),
       (278, 278),
       (279, 279),
       (280, 280),
       (281, 281),
       (282, 282),
       (283, 283),
       (284, 284),
       (285, 285),
       (286, 286),
       (287, 287),
       (288, 288),
       (289, 289),
       (290, 290),
       (291, 291),
       (292, 292),
       (293, 293),
       (294, 294),
       (295, 295),
       (296, 296),
       (297, 297),
       (298, 298),
       (299, 299),
       (300, 300);
INSERT INTO person_address (person_id, address_id)
VALUES (301, 301),
       (302, 302),
       (303, 303),
       (304, 304),
       (305, 305),
       (306, 306),
       (307, 307),
       (308, 308),
       (309, 309),
       (310, 310),
       (311, 311),
       (312, 312),
       (313, 313),
       (314, 314),
       (315, 315),
       (316, 316),
       (317, 317),
       (318, 318),
       (319, 319),
       (320, 320),
       (321, 321),
       (322, 322),
       (323, 323),
       (324, 324),
       (325, 325),
       (326, 326),
       (327, 327),
       (328, 328),
       (329, 329),
       (330, 330),
       (331, 331),
       (332, 332),
       (333, 333),
       (334, 334),
       (335, 335),
       (336, 336),
       (337, 337),
       (338, 338),
       (339, 339),
       (340, 340),
       (341, 341),
       (342, 342),
       (343, 343),
       (344, 344),
       (345, 345),
       (346, 346),
       (347, 347),
       (348, 348),
       (349, 349),
       (350, 350);
INSERT INTO person_address (person_id, address_id)
VALUES (351, 351),
       (352, 352),
       (353, 353),
       (354, 354),
       (355, 355),
       (356, 356),
       (357, 357),
       (358, 358),
       (359, 359),
       (360, 360),
       (361, 361),
       (362, 362),
       (363, 363),
       (364, 364),
       (365, 365),
       (366, 366),
       (367, 367),
       (368, 368),
       (369, 369),
       (370, 370),
       (371, 371),
       (372, 372),
       (373, 373),
       (374, 374),
       (375, 375),
       (376, 376),
       (377, 377),
       (378, 378),
       (379, 379),
       (380, 380),
       (381, 381),
       (382, 382),
       (383, 383),
       (384, 384),
       (385, 385),
       (386, 386),
       (387, 387),
       (388, 388),
       (389, 389),
       (390, 390),
       (391, 391),
       (392, 392),
       (393, 393),
       (394, 394),
       (395, 395),
       (396, 396),
       (397, 397),
       (398, 398),
       (399, 399),
       (400, 400);
INSERT INTO person_address (person_id, address_id)
VALUES (401, 401),
       (402, 402),
       (403, 403),
       (404, 404),
       (405, 405),
       (406, 406),
       (407, 407),
       (408, 408),
       (409, 409),
       (410, 410),
       (411, 411),
       (412, 412),
       (413, 413),
       (414, 414),
       (415, 415),
       (416, 416),
       (417, 417),
       (418, 418),
       (419, 419),
       (420, 420),
       (421, 421),
       (422, 422),
       (423, 423),
       (424, 424),
       (425, 425),
       (426, 426),
       (427, 427),
       (428, 428),
       (429, 429),
       (430, 430),
       (431, 431),
       (432, 432),
       (433, 433),
       (434, 434),
       (435, 435),
       (436, 436),
       (437, 437),
       (438, 438),
       (439, 439),
       (440, 440),
       (441, 441),
       (442, 442),
       (443, 443),
       (444, 444),
       (445, 445),
       (446, 446),
       (447, 447),
       (448, 448),
       (449, 449),
       (450, 450);
INSERT INTO person_address (person_id, address_id)
VALUES (451, 451),
       (452, 452),
       (453, 453),
       (454, 454),
       (455, 455),
       (456, 456),
       (457, 457),
       (458, 458),
       (459, 459),
       (460, 460),
       (461, 461),
       (462, 462),
       (463, 463),
       (464, 464),
       (465, 465),
       (466, 466),
       (467, 467),
       (468, 468),
       (469, 469),
       (470, 470),
       (471, 471),
       (472, 472),
       (473, 473),
       (474, 474),
       (475, 475),
       (476, 476),
       (477, 477),
       (478, 478),
       (479, 479),
       (480, 480);


INSERT INTO instructor (instructor_id, leads_ensemble)
VALUES (1, 'TRUE'),
       (2, 'TRUE'),
       (3, 'TRUE'),
       (4, 'TRUE'),
       (5, 'TRUE'),
       (6, 'TRUE'),
       (7, 'TRUE'),
       (8, 'TRUE'),
       (9, 'TRUE'),
       (10, 'FALSE'),
       (11, 'FALSE'),
       (12, 'FALSE'),
       (13, 'FALSE'),
       (14, 'FALSE'),
       (15, 'FALSE'),
       (16, 'FALSE'),
       (17, 'FALSE'),
       (18, 'FALSE'),
       (19, 'FALSE'),
       (20, 'FALSE'),
       (21, 'FALSE'),
       (22, 'FALSE'),
       (23, 'FALSE'),
       (24, 'FALSE'),
       (25, 'FALSE'),
       (26, 'FALSE'),
       (27, 'FALSE'),
       (28, 'FALSE'),
       (29, 'FALSE'),
       (30, 'FALSE');

INSERT INTO instructor_instype (instructor_id, instrument_type)
VALUES (1, 'Bass'),
       (2, 'Guitar'),
       (3, 'Drums'),
       (4, 'Bass'),
       (5, 'Guitar'),
       (6, 'Drums'),
       (7, 'Bass'),
       (8, 'Guitar'),
       (9, 'Drums'),
       (10, 'Bass'),
       (11, 'Guitar'),
       (12, 'Drums'),
       (13, 'Bass'),
       (14, 'Guitar'),
       (15, 'Drums'),
       (16, 'Bass'),
       (17, 'Guitar'),
       (18, 'Drums'),
       (19, 'Bass'),
       (20, 'Guitar'),
       (21, 'Drums'),
       (22, 'Bass'),
       (23, 'Guitar'),
       (24, 'Drums'),
       (25, 'Bass'),
       (26, 'Guitar'),
       (27, 'Drums'),
       (28, 'Bass'),
       (29, 'Bass'),
       (30, 'Bass');


INSERT INTO student (student_id, family_id)
VALUES (31, NULL),
       (32, NULL),
       (33, NULL),
       (34, NULL),
       (35, NULL),
       (36, NULL),
       (37, NULL),
       (38, NULL),
       (39, NULL),
       (40, NULL),
       (41, NULL),
       (42, NULL),
       (43, NULL),
       (44, NULL),
       (45, NULL),
       (46, NULL),
       (47, NULL),
       (48, NULL),
       (49, NULL),
       (50, NULL),
       (51, NULL),
       (52, NULL),
       (53, NULL),
       (54, NULL),
       (55, NULL),
       (56, NULL),
       (57, NULL),
       (58, NULL),
       (59, NULL),
       (60, NULL),
       (61, NULL),
       (62, NULL),
       (63, NULL),
       (64, NULL),
       (65, NULL),
       (66, NULL),
       (67, NULL),
       (68, NULL),
       (69, NULL),
       (70, NULL),
       (71, NULL),
       (72, NULL),
       (73, NULL),
       (74, NULL),
       (75, NULL),
       (76, NULL),
       (77, NULL),
       (78, NULL),
       (79, NULL),
       (80, NULL);
INSERT INTO student (student_id, family_id)
VALUES (81, NULL),
       (82, NULL),
       (83, NULL),
       (84, NULL),
       (85, NULL),
       (86, NULL),
       (87, NULL),
       (88, NULL),
       (89, NULL),
       (90, NULL),
       (91, NULL),
       (92, NULL),
       (93, NULL),
       (94, NULL),
       (95, NULL),
       (96, NULL),
       (97, NULL),
       (98, NULL),
       (99, NULL),
       (100, NULL),
       (101, NULL),
       (102, NULL),
       (103, NULL),
       (104, NULL),
       (105, NULL),
       (106, NULL),
       (107, NULL),
       (108, NULL),
       (109, NULL),
       (110, NULL),
       (111, NULL),
       (112, NULL),
       (113, NULL),
       (114, NULL),
       (115, NULL),
       (116, NULL),
       (117, NULL),
       (118, NULL),
       (119, NULL),
       (120, NULL),
       (121, NULL),
       (122, NULL),
       (123, NULL),
       (124, NULL),
       (125, NULL),
       (126, NULL),
       (127, NULL),
       (128, NULL),
       (129, NULL),
       (130, NULL);
INSERT INTO student (student_id, family_id)
VALUES (131, NULL),
       (132, NULL),
       (133, NULL),
       (134, NULL),
       (135, NULL),
       (136, NULL),
       (137, NULL),
       (138, NULL),
       (139, NULL),
       (140, NULL),
       (141, NULL),
       (142, NULL),
       (143, NULL),
       (144, NULL),
       (145, NULL),
       (146, NULL),
       (147, NULL),
       (148, NULL),
       (149, NULL),
       (150, NULL),
       (151, NULL),
       (152, NULL),
       (153, NULL),
       (154, NULL),
       (155, NULL),
       (156, NULL),
       (157, NULL),
       (158, NULL),
       (159, NULL),
       (160, NULL),
       (161, NULL),
       (162, NULL),
       (163, NULL),
       (164, NULL),
       (165, NULL),
       (166, NULL),
       (167, NULL),
       (168, NULL),
       (169, NULL),
       (170, NULL),
       (171, NULL),
       (172, NULL),
       (173, NULL),
       (174, NULL),
       (175, NULL),
       (176, NULL),
       (177, NULL),
       (178, NULL),
       (179, NULL),
       (180, NULL);
INSERT INTO student (student_id, family_id)
VALUES (181, NULL),
       (182, NULL),
       (183, NULL),
       (184, NULL),
       (185, NULL),
       (186, NULL),
       (187, NULL),
       (188, NULL),
       (189, NULL),
       (190, NULL),
       (191, NULL),
       (192, NULL),
       (193, NULL),
       (194, NULL),
       (195, NULL),
       (196, NULL),
       (197, NULL),
       (198, NULL),
       (199, NULL),
       (200, NULL),
       (201, NULL),
       (202, NULL),
       (203, NULL),
       (204, NULL),
       (205, NULL),
       (206, NULL),
       (207, NULL),
       (208, NULL),
       (209, NULL),
       (210, NULL),
       (211, NULL),
       (212, NULL),
       (213, NULL),
       (214, NULL),
       (215, NULL),
       (216, NULL),
       (217, NULL),
       (218, NULL),
       (219, NULL),
       (220, NULL),
       (221, NULL),
       (222, NULL),
       (223, NULL),
       (224, NULL),
       (225, NULL),
       (226, NULL),
       (227, NULL),
       (228, NULL),
       (229, NULL),
       (230, NULL);
INSERT INTO student (student_id, family_id)
VALUES (231, NULL),
       (232, NULL),
       (233, NULL),
       (234, NULL),
       (235, NULL),
       (236, NULL),
       (237, NULL),
       (238, NULL),
       (239, NULL),
       (240, NULL),
       (241, NULL),
       (242, NULL),
       (243, NULL),
       (244, NULL),
       (245, NULL),
       (246, NULL),
       (247, NULL),
       (248, NULL),
       (249, NULL),
       (250, NULL),
       (251, NULL),
       (252, NULL),
       (253, NULL),
       (254, NULL),
       (255, NULL),
       (256, NULL),
       (257, NULL),
       (258, NULL),
       (259, NULL),
       (260, NULL),
       (261, NULL),
       (262, NULL),
       (263, NULL),
       (264, NULL),
       (265, NULL),
       (266, NULL),
       (267, NULL),
       (268, NULL),
       (269, NULL),
       (270, NULL),
       (271, NULL),
       (272, NULL),
       (273, NULL),
       (274, NULL),
       (275, NULL),
       (276, NULL),
       (277, NULL),
       (278, NULL),
       (279, NULL),
       (280, NULL);
INSERT INTO student (student_id, family_id)
VALUES (281, NULL),
       (282, NULL),
       (283, NULL),
       (284, NULL),
       (285, NULL),
       (286, NULL),
       (287, NULL),
       (288, NULL),
       (289, NULL),
       (290, NULL),
       (291, NULL),
       (292, NULL),
       (293, NULL),
       (294, NULL),
       (295, NULL),
       (296, NULL),
       (297, NULL),
       (298, NULL),
       (299, NULL),
       (300, NULL),
       (301, NULL),
       (302, NULL),
       (303, NULL),
       (304, NULL),
       (305, NULL),
       (306, NULL),
       (307, NULL),
       (308, NULL),
       (309, NULL),
       (310, NULL),
       (311, NULL),
       (312, NULL),
       (313, NULL),
       (314, NULL),
       (315, NULL),
       (316, NULL),
       (317, NULL),
       (318, NULL),
       (319, NULL),
       (320, NULL),
       (321, NULL),
       (322, NULL),
       (323, NULL),
       (324, NULL),
       (325, NULL),
       (326, NULL),
       (327, NULL),
       (328, NULL),
       (329, NULL),
       (330, NULL);
INSERT INTO student_instype (student_id, instrument_type, skill_level)
VALUES (31, 'Bass', 'Beginner'),
       (32, 'Bass', 'Beginner'),
       (33, 'Bass', 'Beginner'),
       (34, 'Bass', 'Beginner'),
       (35, 'Bass', 'Beginner'),
       (36, 'Bass', 'Beginner'),
       (37, 'Bass', 'Beginner'),
       (38, 'Bass', 'Beginner'),
       (39, 'Bass', 'Beginner'),
       (40, 'Bass', 'Beginner'),
       (41, 'Bass', 'Beginner'),
       (42, 'Guitar', 'Beginner'),
       (43, 'Guitar', 'Beginner'),
       (44, 'Guitar', 'Beginner'),
       (45, 'Guitar', 'Beginner'),
       (46, 'Guitar', 'Beginner'),
       (47, 'Guitar', 'Beginner'),
       (48, 'Guitar', 'Beginner'),
       (49, 'Guitar', 'Beginner'),
       (50, 'Guitar', 'Beginner'),
       (51, 'Guitar', 'Beginner'),
       (52, 'Guitar', 'Beginner'),
       (53, 'Drums', 'Beginner'),
       (54, 'Drums', 'Beginner'),
       (55, 'Drums', 'Beginner'),
       (56, 'Drums', 'Beginner'),
       (57, 'Drums', 'Beginner'),
       (58, 'Drums', 'Beginner'),
       (59, 'Drums', 'Beginner'),
       (60, 'Drums', 'Beginner'),
       (61, 'Drums', 'Beginner'),
       (62, 'Drums', 'Beginner'),
       (63, 'Drums', 'Beginner'),
       (64, 'Bass', 'Intermediate'),
       (65, 'Bass', 'Intermediate'),
       (66, 'Bass', 'Intermediate'),
       (67, 'Bass', 'Intermediate'),
       (68, 'Bass', 'Intermediate'),
       (69, 'Bass', 'Intermediate'),
       (70, 'Bass', 'Intermediate'),
       (71, 'Bass', 'Intermediate'),
       (72, 'Bass', 'Intermediate'),
       (73, 'Bass', 'Intermediate'),
       (74, 'Bass', 'Intermediate'),
       (75, 'Guitar', 'Intermediate'),
       (76, 'Guitar', 'Intermediate'),
       (77, 'Guitar', 'Intermediate'),
       (78, 'Guitar', 'Intermediate'),
       (79, 'Guitar', 'Intermediate'),
       (80, 'Guitar', 'Intermediate');
INSERT INTO student_instype (student_id, instrument_type, skill_level)
VALUES (81, 'Guitar', 'Intermediate'),
       (82, 'Guitar', 'Intermediate'),
       (83, 'Guitar', 'Intermediate'),
       (84, 'Guitar', 'Intermediate'),
       (85, 'Guitar', 'Intermediate'),
       (86, 'Drums', 'Intermediate'),
       (87, 'Drums', 'Intermediate'),
       (88, 'Drums', 'Intermediate'),
       (89, 'Drums', 'Intermediate'),
       (90, 'Drums', 'Intermediate'),
       (91, 'Drums', 'Intermediate'),
       (92, 'Drums', 'Intermediate'),
       (93, 'Drums', 'Intermediate'),
       (94, 'Drums', 'Intermediate'),
       (95, 'Drums', 'Intermediate'),
       (96, 'Drums', 'Intermediate'),
       (97, 'Bass', 'Advanced'),
       (98, 'Bass', 'Advanced'),
       (99, 'Bass', 'Advanced'),
       (100, 'Bass', 'Advanced'),
       (101, 'Bass', 'Advanced'),
       (102, 'Bass', 'Advanced'),
       (103, 'Bass', 'Advanced'),
       (104, 'Bass', 'Advanced'),
       (105, 'Bass', 'Advanced'),
       (106, 'Bass', 'Advanced'),
       (107, 'Bass', 'Advanced'),
       (108, 'Guitar', 'Advanced'),
       (109, 'Guitar', 'Advanced'),
       (110, 'Guitar', 'Advanced'),
       (111, 'Guitar', 'Advanced'),
       (112, 'Guitar', 'Advanced'),
       (113, 'Guitar', 'Advanced'),
       (114, 'Guitar', 'Advanced'),
       (115, 'Guitar', 'Advanced'),
       (116, 'Guitar', 'Advanced'),
       (117, 'Guitar', 'Advanced'),
       (118, 'Guitar', 'Advanced'),
       (119, 'Drums', 'Advanced'),
       (120, 'Drums', 'Advanced'),
       (121, 'Drums', 'Advanced'),
       (122, 'Drums', 'Advanced'),
       (123, 'Drums', 'Advanced'),
       (124, 'Drums', 'Advanced'),
       (125, 'Drums', 'Advanced'),
       (126, 'Drums', 'Advanced'),
       (127, 'Drums', 'Advanced'),
       (128, 'Drums', 'Advanced'),
       (129, 'Drums', 'Advanced'),
       (130, 'Bass', 'Beginner');
INSERT INTO student_instype (student_id, instrument_type, skill_level)
VALUES (131, 'Bass', 'Beginner'),
       (132, 'Bass', 'Beginner'),
       (133, 'Bass', 'Beginner'),
       (134, 'Bass', 'Beginner'),
       (135, 'Bass', 'Beginner'),
       (136, 'Bass', 'Beginner'),
       (137, 'Bass', 'Beginner'),
       (138, 'Bass', 'Beginner'),
       (139, 'Bass', 'Beginner'),
       (140, 'Bass', 'Beginner'),
       (141, 'Guitar', 'Beginner'),
       (142, 'Guitar', 'Beginner'),
       (143, 'Guitar', 'Beginner'),
       (144, 'Guitar', 'Beginner'),
       (145, 'Guitar', 'Beginner'),
       (146, 'Guitar', 'Beginner'),
       (147, 'Guitar', 'Beginner'),
       (148, 'Guitar', 'Beginner'),
       (149, 'Guitar', 'Beginner'),
       (150, 'Guitar', 'Beginner'),
       (151, 'Guitar', 'Beginner'),
       (152, 'Drums', 'Beginner'),
       (153, 'Drums', 'Beginner'),
       (154, 'Drums', 'Beginner'),
       (155, 'Drums', 'Beginner'),
       (156, 'Drums', 'Beginner'),
       (157, 'Drums', 'Beginner'),
       (158, 'Drums', 'Beginner'),
       (159, 'Drums', 'Beginner'),
       (160, 'Drums', 'Beginner'),
       (161, 'Drums', 'Beginner'),
       (162, 'Drums', 'Beginner'),
       (163, 'Bass', 'Intermediate'),
       (164, 'Bass', 'Intermediate'),
       (165, 'Bass', 'Intermediate'),
       (166, 'Bass', 'Intermediate'),
       (167, 'Bass', 'Intermediate'),
       (168, 'Bass', 'Intermediate'),
       (169, 'Bass', 'Intermediate'),
       (170, 'Bass', 'Intermediate'),
       (171, 'Bass', 'Intermediate'),
       (172, 'Bass', 'Intermediate'),
       (173, 'Bass', 'Intermediate'),
       (174, 'Guitar', 'Intermediate'),
       (175, 'Guitar', 'Intermediate'),
       (176, 'Guitar', 'Intermediate'),
       (177, 'Guitar', 'Intermediate'),
       (178, 'Guitar', 'Intermediate'),
       (179, 'Guitar', 'Intermediate'),
       (180, 'Guitar', 'Intermediate');
INSERT INTO student_instype (student_id, instrument_type, skill_level)
VALUES (181, 'Guitar', 'Intermediate'),
       (182, 'Guitar', 'Intermediate'),
       (183, 'Guitar', 'Intermediate'),
       (184, 'Guitar', 'Intermediate'),
       (185, 'Drums', 'Intermediate'),
       (186, 'Drums', 'Intermediate'),
       (187, 'Drums', 'Intermediate'),
       (188, 'Drums', 'Intermediate'),
       (189, 'Drums', 'Intermediate'),
       (190, 'Drums', 'Intermediate'),
       (191, 'Drums', 'Intermediate'),
       (192, 'Drums', 'Intermediate'),
       (193, 'Drums', 'Intermediate'),
       (194, 'Drums', 'Intermediate'),
       (195, 'Drums', 'Intermediate'),
       (196, 'Bass', 'Advanced'),
       (197, 'Bass', 'Advanced'),
       (198, 'Bass', 'Advanced'),
       (199, 'Bass', 'Advanced'),
       (200, 'Bass', 'Advanced'),
       (201, 'Bass', 'Advanced'),
       (202, 'Bass', 'Advanced'),
       (203, 'Bass', 'Advanced'),
       (204, 'Bass', 'Advanced'),
       (205, 'Bass', 'Advanced'),
       (206, 'Bass', 'Advanced'),
       (207, 'Guitar', 'Advanced'),
       (208, 'Guitar', 'Advanced'),
       (209, 'Guitar', 'Advanced'),
       (210, 'Guitar', 'Advanced'),
       (211, 'Guitar', 'Advanced'),
       (212, 'Guitar', 'Advanced'),
       (213, 'Guitar', 'Advanced'),
       (214, 'Guitar', 'Advanced'),
       (215, 'Guitar', 'Advanced'),
       (216, 'Guitar', 'Advanced'),
       (217, 'Guitar', 'Advanced'),
       (218, 'Drums', 'Advanced'),
       (219, 'Drums', 'Advanced'),
       (220, 'Drums', 'Advanced'),
       (221, 'Drums', 'Advanced'),
       (222, 'Drums', 'Advanced'),
       (223, 'Drums', 'Advanced'),
       (224, 'Drums', 'Advanced'),
       (225, 'Drums', 'Advanced'),
       (226, 'Drums', 'Advanced'),
       (227, 'Drums', 'Advanced'),
       (228, 'Drums', 'Advanced'),
       (229, 'Bass', 'Beginner'),
       (230, 'Bass', 'Beginner');
INSERT INTO student_instype (student_id, instrument_type, skill_level)
VALUES (231, 'Bass', 'Beginner'),
       (232, 'Bass', 'Beginner'),
       (233, 'Bass', 'Beginner'),
       (234, 'Bass', 'Beginner'),
       (235, 'Bass', 'Beginner'),
       (236, 'Bass', 'Beginner'),
       (237, 'Bass', 'Beginner'),
       (238, 'Bass', 'Beginner'),
       (239, 'Bass', 'Beginner'),
       (240, 'Guitar', 'Beginner'),
       (241, 'Guitar', 'Beginner'),
       (242, 'Guitar', 'Beginner'),
       (243, 'Guitar', 'Beginner'),
       (244, 'Guitar', 'Beginner'),
       (245, 'Guitar', 'Beginner'),
       (246, 'Guitar', 'Beginner'),
       (247, 'Guitar', 'Beginner'),
       (248, 'Guitar', 'Beginner'),
       (249, 'Guitar', 'Beginner'),
       (250, 'Guitar', 'Beginner'),
       (251, 'Drums', 'Beginner'),
       (252, 'Drums', 'Beginner'),
       (253, 'Drums', 'Beginner'),
       (254, 'Drums', 'Beginner'),
       (255, 'Drums', 'Beginner'),
       (256, 'Drums', 'Beginner'),
       (257, 'Drums', 'Beginner'),
       (258, 'Drums', 'Beginner'),
       (259, 'Drums', 'Beginner'),
       (260, 'Drums', 'Beginner'),
       (261, 'Drums', 'Beginner'),
       (262, 'Bass', 'Intermediate'),
       (263, 'Bass', 'Intermediate'),
       (264, 'Bass', 'Intermediate'),
       (265, 'Bass', 'Intermediate'),
       (266, 'Bass', 'Intermediate'),
       (267, 'Bass', 'Intermediate'),
       (268, 'Bass', 'Intermediate'),
       (269, 'Bass', 'Intermediate'),
       (270, 'Bass', 'Intermediate'),
       (271, 'Bass', 'Intermediate'),
       (272, 'Bass', 'Intermediate'),
       (273, 'Guitar', 'Intermediate'),
       (274, 'Guitar', 'Intermediate'),
       (275, 'Guitar', 'Intermediate'),
       (276, 'Guitar', 'Intermediate'),
       (277, 'Guitar', 'Intermediate'),
       (278, 'Guitar', 'Intermediate'),
       (279, 'Guitar', 'Intermediate'),
       (280, 'Guitar', 'Intermediate');
INSERT INTO student_instype (student_id, instrument_type, skill_level)
VALUES (281, 'Guitar', 'Intermediate'),
       (282, 'Guitar', 'Intermediate'),
       (283, 'Guitar', 'Intermediate'),
       (284, 'Drums', 'Intermediate'),
       (285, 'Drums', 'Intermediate'),
       (286, 'Drums', 'Intermediate'),
       (287, 'Drums', 'Intermediate'),
       (288, 'Drums', 'Intermediate'),
       (289, 'Drums', 'Intermediate'),
       (290, 'Drums', 'Intermediate'),
       (291, 'Drums', 'Intermediate'),
       (292, 'Drums', 'Intermediate'),
       (293, 'Drums', 'Intermediate'),
       (294, 'Drums', 'Intermediate'),
       (295, 'Bass', 'Advanced'),
       (296, 'Bass', 'Advanced'),
       (297, 'Bass', 'Advanced'),
       (298, 'Bass', 'Advanced'),
       (299, 'Bass', 'Advanced'),
       (300, 'Bass', 'Advanced'),
       (301, 'Bass', 'Advanced'),
       (302, 'Bass', 'Advanced'),
       (303, 'Bass', 'Advanced'),
       (304, 'Bass', 'Advanced'),
       (305, 'Bass', 'Advanced'),
       (306, 'Guitar', 'Advanced'),
       (307, 'Guitar', 'Advanced'),
       (308, 'Guitar', 'Advanced'),
       (309, 'Guitar', 'Advanced'),
       (310, 'Guitar', 'Advanced'),
       (311, 'Guitar', 'Advanced'),
       (312, 'Guitar', 'Advanced'),
       (313, 'Guitar', 'Advanced'),
       (314, 'Guitar', 'Advanced'),
       (315, 'Guitar', 'Advanced'),
       (316, 'Guitar', 'Advanced'),
       (317, 'Drums', 'Advanced'),
       (318, 'Drums', 'Advanced'),
       (319, 'Drums', 'Advanced'),
       (320, 'Drums', 'Advanced'),
       (321, 'Drums', 'Advanced'),
       (322, 'Drums', 'Advanced'),
       (323, 'Drums', 'Advanced'),
       (324, 'Drums', 'Advanced'),
       (325, 'Drums', 'Advanced'),
       (326, 'Drums', 'Advanced'),
       (327, 'Drums', 'Advanced');

INSERT INTO student_instype (student_id, instrument_type, skill_level)
VALUES (328, 'Bass', 'Beginner'),
       (329, 'Bass', 'Intermediate'),
       (330, 'Bass', 'Advanced');



INSERT INTO contact_person_student (student_id, contact_person_id)
VALUES (31, 331),
       (33, 332),
       (35, 333),
       (37, 334),
       (39, 335),
       (41, 336),
       (43, 337),
       (45, 338),
       (47, 339),
       (49, 340),
       (51, 341),
       (53, 342),
       (55, 343),
       (57, 344),
       (59, 345),
       (61, 346),
       (63, 347),
       (65, 348),
       (67, 349),
       (69, 350),
       (71, 351),
       (73, 352),
       (75, 353),
       (77, 354),
       (79, 355),
       (81, 356),
       (83, 357),
       (85, 358),
       (87, 359),
       (89, 360),
       (91, 361),
       (93, 362),
       (95, 363),
       (97, 364),
       (99, 365),
       (101, 366),
       (103, 367),
       (105, 368),
       (107, 369),
       (109, 370),
       (111, 371),
       (113, 372),
       (115, 373),
       (117, 374),
       (119, 375),
       (121, 376),
       (123, 377),
       (125, 378),
       (127, 379),
       (129, 380);
INSERT INTO contact_person_student (student_id, contact_person_id)
VALUES (131, 381),
       (133, 382),
       (135, 383),
       (137, 384),
       (139, 385),
       (141, 386),
       (143, 387),
       (145, 388),
       (147, 389),
       (149, 390),
       (151, 391),
       (153, 392),
       (155, 393),
       (157, 394),
       (159, 395),
       (161, 396),
       (163, 397),
       (165, 398),
       (167, 399),
       (169, 400),
       (171, 401),
       (173, 402),
       (175, 403),
       (177, 404),
       (179, 405),
       (181, 406),
       (183, 407),
       (185, 408),
       (187, 409),
       (189, 410),
       (191, 411),
       (193, 412),
       (195, 413),
       (197, 414),
       (199, 415),
       (201, 416),
       (203, 417),
       (205, 418),
       (207, 419),
       (209, 420),
       (211, 421),
       (213, 422),
       (215, 423),
       (217, 424),
       (219, 425),
       (221, 426),
       (223, 427),
       (225, 428),
       (227, 429),
       (229, 430);
INSERT INTO contact_person_student (student_id, contact_person_id)
VALUES (231, 431),
       (233, 432),
       (235, 433),
       (237, 434),
       (239, 435),
       (241, 436),
       (243, 437),
       (245, 438),
       (247, 439),
       (249, 440),
       (251, 441),
       (253, 442),
       (255, 443),
       (257, 444),
       (259, 445),
       (261, 446),
       (263, 447),
       (265, 448),
       (267, 449),
       (269, 450),
       (271, 451),
       (273, 452),
       (275, 453),
       (277, 454),
       (279, 455),
       (281, 456),
       (283, 457),
       (285, 458),
       (287, 459),
       (289, 460),
       (291, 461),
       (293, 462),
       (295, 463),
       (297, 464),
       (299, 465),
       (301, 466),
       (303, 467),
       (305, 468),
       (307, 469),
       (309, 470),
       (311, 471),
       (313, 472),
       (315, 473),
       (317, 474),
       (319, 475),
       (321, 476),
       (323, 477),
       (325, 478),
       (327, 479),
       (329, 480);

INSERT INTO contact_person_student (student_id, contact_person_id)
VALUES (32, 331),
       (34, 332),
       (36, 333),
       (38, 334),
       (40, 335),
       (42, 336),
       (44, 337),
       (46, 338),
       (48, 339),
       (50, 340),
       (52, 341),
       (54, 342),
       (56, 343),
       (58, 344),
       (60, 345),
       (62, 346),
       (64, 347),
       (66, 348),
       (68, 349),
       (70, 350),
       (72, 351),
       (74, 352),
       (76, 353),
       (78, 354),
       (80, 355),
       (82, 356),
       (84, 357),
       (86, 358),
       (88, 359),
       (90, 360),
       (92, 361),
       (94, 362),
       (96, 363),
       (98, 364),
       (100, 365),
       (102, 366),
       (104, 367),
       (106, 368),
       (108, 369),
       (110, 370),
       (112, 371),
       (114, 372),
       (116, 373),
       (118, 374),
       (120, 375),
       (122, 376),
       (124, 377),
       (126, 378),
       (128, 379),
       (130, 380);
INSERT INTO contact_person_student (student_id, contact_person_id)
VALUES (132, 381),
       (134, 382),
       (136, 383),
       (138, 384),
       (140, 385),
       (142, 386),
       (144, 387),
       (146, 388),
       (148, 389),
       (150, 390),
       (152, 391),
       (154, 392),
       (156, 393),
       (158, 394),
       (160, 395),
       (162, 396),
       (164, 397),
       (166, 398),
       (168, 399),
       (170, 400),
       (172, 401),
       (174, 402),
       (176, 403),
       (178, 404),
       (180, 405),
       (182, 406),
       (184, 407),
       (186, 408),
       (188, 409),
       (190, 410),
       (192, 411),
       (194, 412),
       (196, 413),
       (198, 414),
       (200, 415),
       (202, 416),
       (204, 417),
       (206, 418),
       (208, 419),
       (210, 420),
       (212, 421),
       (214, 422),
       (216, 423),
       (218, 424),
       (220, 425),
       (222, 426),
       (224, 427),
       (226, 428),
       (228, 429),
       (230, 430);
INSERT INTO contact_person_student (student_id, contact_person_id)
VALUES (232, 431),
       (234, 432),
       (236, 433),
       (238, 434),
       (240, 435),
       (242, 436),
       (244, 437),
       (246, 438),
       (248, 439),
       (250, 440),
       (252, 441),
       (254, 442),
       (256, 443),
       (258, 444),
       (260, 445),
       (262, 446),
       (264, 447),
       (266, 448),
       (268, 449),
       (270, 450),
       (272, 451),
       (274, 452),
       (276, 453),
       (278, 454),
       (280, 455),
       (282, 456),
       (284, 457),
       (286, 458),
       (288, 459),
       (290, 460),
       (292, 461),
       (294, 462),
       (296, 463),
       (298, 464),
       (300, 465),
       (302, 466),
       (304, 467),
       (306, 468),
       (308, 469),
       (310, 470),
       (312, 471),
       (314, 472),
       (316, 473),
       (318, 474),
       (320, 475),
       (322, 476),
       (324, 477),
       (326, 478),
       (328, 479),
       (330, 480);

INSERT INTO payment_description
VALUES (default, 'Ensemble,Beginner'),
       (default, 'Ensemble,Intermediate'),
       (default, 'Ensemble,Advanced'),
       (default, 'Group,Beginner'),
       (default, 'Group,Intermediate'),
       (default, 'Group,Advanced'),
       (default, 'Individual,Beginner'),
       (default, 'Individual,Intermediate'),
       (default, 'Individual,Advanced');

INSERT INTO payment
VALUES (default, 1, '2023-01-01', NULL, 1400, 140, 0.25),
       (default, 2, '2023-01-01', NULL, 1400, 140, 0.25),
       (default, 3, '2023-01-01', NULL, 1500, 150, 0.25),
       (default, 4, '2023-01-01', NULL, 1100, 110, 0.2),
       (default, 5, '2023-01-01', NULL, 1100, 110, 0.2),
       (default, 6, '2023-01-01', NULL, 1300, 130, 0.2),
       (default, 7, '2023-01-01', NULL, 1000, 100, 0.1),
       (default, 8, '2023-01-01', NULL, 1000, 100, 0.1),
       (default, 9, '2023-01-01', NULL, 1100, 110, 0.1);

INSERT INTO lesson (lesson_id, instructor_id, lesson_type, skill_level, min_students, max_students, instrument_type,
                    music_genre, payment_description_id)
VALUES (default, 1, 'Ensemble', 'Beginner', 1, 11, NULL, 'Gospel', 1),
       (default, 2, 'Ensemble', 'Beginner', 1, 42, NULL, 'Punk', 1),
       (default, 3, 'Ensemble', 'Beginner', 1, 36, NULL, 'Rock', 1),
       (default, 4, 'Ensemble', 'Intermediate', 1, 43, NULL, 'Gospel', 2),
       (default, 5, 'Ensemble', 'Intermediate', 1, 12, NULL, 'Punk', 2),
       (default, 6, 'Ensemble', 'Intermediate', 1, 39, NULL, 'Rock', 2),
       (default, 7, 'Ensemble', 'Advanced', 1, 30, NULL, 'Gospel', 3),
       (default, 8, 'Ensemble', 'Advanced', 1, 34, NULL, 'Punk', 3),
       (default, 9, 'Ensemble', 'Advanced', 1, 38, NULL, 'Rock', 3);
INSERT INTO lesson (lesson_id, instructor_id, lesson_type, skill_level, min_students, max_students, instrument_type,
                    music_genre, payment_description_id)
VALUES (default, 10, 'Group', 'Beginner', 1, 14, 'Bass', NULL, 4),
       (default, 11, 'Group', 'Beginner', 1, 16, 'Guitar', NULL, 4),
       (default, 12, 'Group', 'Beginner', 1, 24, 'Drums', NULL, 4),
       (default, 13, 'Group', 'Intermediate', 1, 28, 'Bass', NULL, 5),
       (default, 14, 'Group', 'Intermediate', 1, 24, 'Guitar', NULL, 5),
       (default, 15, 'Group', 'Intermediate', 1, 43, 'Drums', NULL, 5),
       (default, 16, 'Group', 'Advanced', 1, 32, 'Bass', NULL, 6),
       (default, 17, 'Group', 'Advanced', 1, 30, 'Guitar', NULL, 6),
       (default, 18, 'Group', 'Advanced', 1, 25, 'Drums', NULL, 6);
INSERT INTO lesson (lesson_id, instructor_id, lesson_type, skill_level, min_students, max_students, instrument_type,
                    music_genre, payment_description_id)
VALUES (default, 19, 'Individual', 'Beginner', 1, 1, 'Bass', NULL, 7),
       (default, 20, 'Individual', 'Beginner', 1, 1, 'Guitar', NULL, 7),
       (default, 21, 'Individual', 'Beginner', 1, 1, 'Drums', NULL, 7),
       (default, 22, 'Individual', 'Intermediate', 1, 1, 'Bass', NULL, 8),
       (default, 23, 'Individual', 'Intermediate', 1, 1, 'Guitar', NULL, 8),
       (default, 24, 'Individual', 'Intermediate', 1, 1, 'Drums', NULL, 8),
       (default, 25, 'Individual', 'Advanced', 1, 1, 'Bass', NULL, 9),
       (default, 26, 'Individual', 'Advanced', 1, 1, 'Guitar', NULL, 9),
       (default, 27, 'Individual', 'Advanced', 1, 1, 'Drums', NULL, 9);

INSERT INTO time_slot (time_slot_id, date, duration, location, lesson_id, instructor_id, payment_id)
VALUES (default, '24-11-18 5:09', '46 min', 'A100', 1, 1, 1),
       (default, '24-07-07 12:03', '63 min', 'A101', 2, 2, 1),
       (default, '24-12-04 9:27', '64 min', 'A102', 3, 3, 1),
       (default, '24-04-23 9:39', '82 min', 'A103', 1, 4, 1),
       (default, '24-02-03 4:12', '57 min', 'A104', 2, 5, 1),
       (default, '24-07-29 11:37', '60 min', 'A105', 3, 6, 1),
       (default, '24-03-02 8:44', '84 min', 'B100', 1, 7, 1),
       (default, '24-11-20 7:21', '80 min', 'B101', 2, 8, 1),
       (default, '24-05-20 6:42', '65 min', 'B102', 3, 9, 1),
       (default, '24-10-11 8:32', '87 min', 'B103', 1, 1, 1),
       (default, '24-09-17 7:48', '86 min', 'B104', 2, 2, 1),
       (default, '24-08-09 8:31', '70 min', 'B105', 3, 3, 1),
       (default, '24-08-22 2:35', '61 min', 'C100', 1, 4, 1),
       (default, '24-09-11 5:41', '87 min', 'C101', 2, 5, 1),
       (default, '24-03-13 12:58', '59 min', 'C102', 3, 6, 1),
       (default, '24-11-30 2:20', '56 min', 'C103', 1, 7, 1),
       (default, '24-07-15 8:52', '81 min', 'C104', 2, 8, 1),
       (default, '24-12-18 12:46', '83 min', 'C105', 3, 9, 1),
       (default, '24-02-27 5:43', '64 min', 'A100', 1, 1, 1),
       (default, '24-02-09 2:03', '45 min', 'A101', 2, 2, 1),
       (default, '24-06-01 1:11', '58 min', 'A102', 3, 3, 1),
       (default, '24-06-08 2:36', '81 min', 'A103', 1, 4, 1),
       (default, '24-03-09 1:41', '62 min', 'A104', 2, 5, 1),
       (default, '24-05-16 1:33', '49 min', 'A105', 3, 6, 1),
       (default, '24-12-01 2:21', '68 min', 'B100', 1, 7, 1),
       (default, '24-10-10 11:12', '47 min', 'B101', 2, 8, 1),
       (default, '24-09-12 6:05', '76 min', 'B102', 3, 9, 1),
       (default, '24-11-25 7:23', '85 min', 'B103', 1, 1, 1),
       (default, '24-06-08 4:17', '83 min', 'B104', 2, 2, 1),
       (default, '24-08-07 3:41', '69 min', 'B105', 3, 3, 1),
       (default, '24-09-11 7:03', '46 min', 'C100', 1, 4, 1),
       (default, '24-01-24 3:07', '88 min', 'C101', 2, 5, 1),
       (default, '24-04-15 8:23', '58 min', 'C102', 3, 6, 1),
       (default, '24-05-22 6:20', '89 min', 'C103', 1, 7, 1),
       (default, '24-09-18 8:26', '85 min', 'C104', 2, 8, 1),
       (default, '24-07-30 2:42', '71 min', 'C105', 3, 9, 1),
       (default, '24-12-28 5:22', '54 min', 'A100', 1, 1, 1),
       (default, '24-08-20 10:33', '70 min', 'A101', 2, 2, 1),
       (default, '24-03-15 6:37', '73 min', 'A102', 3, 3, 1),
       (default, '24-06-10 10:04', '59 min', 'A103', 1, 4, 1),
       (default, '24-05-23 1:14', '86 min', 'A104', 2, 5, 1),
       (default, '24-01-21 1:28', '83 min', 'A105', 3, 6, 1),
       (default, '24-12-09 1:49', '87 min', 'B100', 1, 7, 1),
       (default, '24-10-31 3:38', '61 min', 'B101', 2, 8, 1),
       (default, '24-03-17 2:29', '48 min', 'B102', 3, 9, 1),
       (default, '24-05-19 6:48', '82 min', 'B103', 1, 1, 1),
       (default, '24-07-30 8:40', '47 min', 'B104', 2, 2, 1),
       (default, '24-08-04 11:45', '63 min', 'B105', 3, 3, 1),
       (default, '24-09-26 3:44', '51 min', 'C100', 1, 4, 1),
       (default, '24-04-07 1:59', '70 min', 'C101', 2, 5, 1);
INSERT INTO time_slot (time_slot_id, date, duration, location, lesson_id, instructor_id, payment_id)
VALUES (default, '24-02-27 5:35', '49 min', 'C102', 3, 6, 1),
       (default, '24-06-21 4:43', '48 min', 'C103', 1, 7, 1),
       (default, '24-05-20 4:34', '82 min', 'C104', 2, 8, 1),
       (default, '24-07-18 9:55', '51 min', 'C105', 3, 9, 1),
       (default, '24-12-03 9:27', '55 min', 'A100', 1, 1, 1),
       (default, '24-11-29 4:38', '79 min', 'A101', 2, 2, 1),
       (default, '24-08-27 4:27', '81 min', 'A102', 3, 3, 1),
       (default, '24-06-17 6:43', '64 min', 'A103', 1, 4, 1),
       (default, '24-12-24 8:51', '81 min', 'A104', 2, 5, 1),
       (default, '24-01-29 9:23', '55 min', 'A105', 3, 6, 1),
       (default, '24-03-01 1:33', '58 min', 'B100', 1, 7, 1),
       (default, '24-11-13 6:27', '84 min', 'B101', 2, 8, 1),
       (default, '24-02-27 12:16', '47 min', 'B102', 3, 9, 1),
       (default, '24-08-12 4:27', '73 min', 'B103', 1, 1, 1),
       (default, '24-06-23 7:33', '53 min', 'B104', 2, 2, 1),
       (default, '24-08-12 6:56', '66 min', 'B105', 3, 3, 1),
       (default, '24-11-21 5:57', '76 min', 'C100', 1, 4, 1),
       (default, '24-07-29 5:29', '45 min', 'C101', 2, 5, 1),
       (default, '24-02-15 11:58', '82 min', 'C102', 3, 6, 1),
       (default, '24-05-18 2:09', '70 min', 'C103', 1, 7, 1),
       (default, '24-12-26 4:45', '85 min', 'C104', 2, 8, 1),
       (default, '24-09-16 8:43', '71 min', 'C105', 3, 9, 1),
       (default, '24-03-24 8:19', '46 min', 'A100', 1, 1, 1),
       (default, '24-12-30 3:27', '65 min', 'A101', 2, 2, 1),
       (default, '24-05-14 5:16', '73 min', 'A102', 3, 3, 1),
       (default, '24-05-25 3:18', '46 min', 'A103', 1, 4, 1),
       (default, '24-01-28 7:28', '56 min', 'A104', 2, 5, 1),
       (default, '24-03-10 5:25', '57 min', 'A105', 3, 6, 1),
       (default, '24-03-23 9:32', '55 min', 'B100', 1, 7, 1),
       (default, '24-10-11 8:27', '57 min', 'B101', 2, 8, 1),
       (default, '24-12-17 3:45', '51 min', 'B102', 3, 9, 1),
       (default, '24-06-08 11:48', '72 min', 'B103', 1, 1, 1),
       (default, '24-09-04 12:02', '78 min', 'B104', 2, 2, 1),
       (default, '24-07-14 5:43', '57 min', 'B105', 3, 3, 1),
       (default, '24-09-20 2:33', '84 min', 'C100', 1, 4, 1),
       (default, '24-09-05 1:31', '55 min', 'C101', 2, 5, 1),
       (default, '24-06-03 2:38', '54 min', 'C102', 3, 6, 1),
       (default, '24-10-02 1:38', '90 min', 'C103', 1, 7, 1),
       (default, '24-06-01 1:42', '77 min', 'C104', 2, 8, 1),
       (default, '24-12-22 10:19', '72 min', 'C105', 3, 9, 1);
INSERT INTO time_slot (time_slot_id, date, duration, location, lesson_id, instructor_id, payment_id)
VALUES (default, '24-10-05 5:53', '52 min', 'A100', 4, 1, 2),
       (default, '24-08-22 1:56', '76 min', 'A101', 5, 2, 2),
       (default, '24-02-17 8:53', '64 min', 'A102', 6, 3, 2),
       (default, '24-08-19 5:41', '80 min', 'A103', 4, 4, 2),
       (default, '24-11-27 1:46', '79 min', 'A104', 5, 5, 2),
       (default, '24-03-14 7:02', '48 min', 'A105', 6, 6, 2),
       (default, '24-04-04 9:00', '89 min', 'B100', 4, 7, 2),
       (default, '24-04-09 1:38', '68 min', 'B101', 5, 8, 2),
       (default, '24-07-15 9:28', '52 min', 'B102', 6, 9, 2),
       (default, '24-07-05 3:47', '72 min', 'B103', 4, 1, 2),
       (default, '24-08-08 1:43', '49 min', 'B104', 5, 2, 2),
       (default, '24-12-17 5:43', '89 min', 'B105', 6, 3, 2),
       (default, '24-10-08 11:35', '90 min', 'C100', 4, 4, 2),
       (default, '24-01-02 5:14', '78 min', 'C101', 5, 5, 2),
       (default, '24-03-22 11:48', '66 min', 'C102', 6, 6, 2),
       (default, '24-07-01 1:59', '80 min', 'C103', 4, 7, 2),
       (default, '24-09-04 4:47', '89 min', 'C104', 5, 8, 2),
       (default, '24-06-05 6:09', '75 min', 'C105', 6, 9, 2),
       (default, '24-01-15 9:21', '56 min', 'A100', 4, 1, 2),
       (default, '24-04-16 3:28', '85 min', 'A101', 5, 2, 2),
       (default, '24-05-11 11:37', '47 min', 'A102', 6, 3, 2),
       (default, '24-11-10 10:00', '48 min', 'A103', 4, 4, 2),
       (default, '24-06-12 12:14', '47 min', 'A104', 5, 5, 2),
       (default, '24-04-03 1:08', '77 min', 'A105', 6, 6, 2),
       (default, '24-12-10 6:29', '79 min', 'B100', 4, 7, 2),
       (default, '24-03-09 3:36', '80 min', 'B101', 5, 8, 2),
       (default, '24-02-14 1:31', '88 min', 'B102', 6, 9, 2),
       (default, '24-04-23 3:56', '49 min', 'B103', 4, 1, 2),
       (default, '24-11-25 12:18', '70 min', 'B104', 5, 2, 2),
       (default, '24-03-15 4:13', '80 min', 'B105', 6, 3, 2),
       (default, '24-08-04 7:09', '82 min', 'C100', 4, 4, 2),
       (default, '24-06-21 5:09', '78 min', 'C101', 5, 5, 2),
       (default, '24-12-18 6:50', '51 min', 'C102', 6, 6, 2),
       (default, '24-01-25 12:37', '83 min', 'C103', 4, 7, 2),
       (default, '24-05-23 5:58', '51 min', 'C104', 5, 8, 2),
       (default, '24-04-30 6:26', '65 min', 'C105', 6, 9, 2),
       (default, '24-06-25 7:48', '46 min', 'A100', 4, 1, 2),
       (default, '24-12-11 2:19', '55 min', 'A101', 5, 2, 2),
       (default, '24-05-16 12:50', '88 min', 'A102', 6, 3, 2),
       (default, '24-08-07 6:50', '74 min', 'A103', 4, 4, 2),
       (default, '24-07-06 2:59', '64 min', 'A104', 5, 5, 2),
       (default, '24-03-20 6:41', '56 min', 'A105', 6, 6, 2),
       (default, '24-05-28 1:07', '76 min', 'B100', 4, 7, 2),
       (default, '24-09-19 3:24', '83 min', 'B101', 5, 8, 2),
       (default, '24-02-06 10:59', '66 min', 'B102', 6, 9, 2),
       (default, '24-06-15 4:29', '60 min', 'B103', 4, 1, 2),
       (default, '24-06-21 2:47', '61 min', 'B104', 5, 2, 2),
       (default, '24-09-21 11:03', '77 min', 'B105', 6, 3, 2),
       (default, '24-10-26 11:38', '60 min', 'C100', 4, 4, 2),
       (default, '24-07-20 1:38', '54 min', 'C101', 5, 5, 2);
INSERT INTO time_slot (time_slot_id, date, duration, location, lesson_id, instructor_id, payment_id)
VALUES (default, '24-04-24 7:00', '66 min', 'C102', 6, 6, 2),
       (default, '24-09-07 9:57', '52 min', 'C103', 4, 7, 2),
       (default, '24-10-03 7:14', '84 min', 'C104', 5, 8, 2),
       (default, '24-11-21 4:22', '53 min', 'C105', 6, 9, 2),
       (default, '24-01-19 2:31', '84 min', 'A100', 4, 1, 2),
       (default, '24-10-11 4:59', '83 min', 'A101', 5, 2, 2),
       (default, '24-06-26 4:50', '66 min', 'A102', 6, 3, 2),
       (default, '24-11-12 7:51', '59 min', 'A103', 4, 4, 2),
       (default, '24-09-14 1:47', '66 min', 'A104', 5, 5, 2),
       (default, '24-08-04 3:08', '77 min', 'A105', 6, 6, 2),
       (default, '24-09-19 4:58', '66 min', 'B100', 4, 7, 2),
       (default, '24-05-02 6:37', '89 min', 'B101', 5, 8, 2),
       (default, '24-07-30 1:24', '61 min', 'B102', 6, 9, 2),
       (default, '24-09-10 10:13', '54 min', 'B103', 4, 1, 2),
       (default, '24-08-14 3:07', '71 min', 'B104', 5, 2, 2),
       (default, '24-10-25 10:54', '55 min', 'B105', 6, 3, 2),
       (default, '24-12-15 10:49', '84 min', 'C100', 4, 4, 2),
       (default, '24-09-01 4:09', '70 min', 'C101', 5, 5, 2),
       (default, '24-09-07 1:54', '58 min', 'C102', 6, 6, 2),
       (default, '24-02-16 9:05', '68 min', 'C103', 4, 7, 2),
       (default, '24-11-10 1:09', '79 min', 'C104', 5, 8, 2),
       (default, '24-12-27 2:53', '89 min', 'C105', 6, 9, 2),
       (default, '24-11-12 6:23', '60 min', 'A100', 4, 1, 2),
       (default, '24-03-28 3:04', '48 min', 'A101', 5, 2, 2),
       (default, '24-12-07 4:12', '51 min', 'A102', 6, 3, 2),
       (default, '24-07-06 9:10', '62 min', 'A103', 4, 4, 2),
       (default, '24-11-29 9:55', '71 min', 'A104', 5, 5, 2),
       (default, '24-05-03 6:38', '51 min', 'A105', 6, 6, 2),
       (default, '24-07-28 11:26', '59 min', 'B100', 4, 7, 2),
       (default, '24-05-16 4:29', '62 min', 'B101', 5, 8, 2),
       (default, '24-02-08 6:22', '84 min', 'B102', 6, 9, 2),
       (default, '24-11-16 12:56', '90 min', 'B103', 4, 1, 2),
       (default, '24-08-22 4:33', '75 min', 'B104', 5, 2, 2),
       (default, '24-03-31 7:39', '61 min', 'B105', 6, 3, 2),
       (default, '24-05-01 1:02', '77 min', 'C100', 4, 4, 2),
       (default, '24-04-30 8:01', '46 min', 'C101', 5, 5, 2),
       (default, '24-08-14 5:36', '61 min', 'C102', 6, 6, 2),
       (default, '24-12-10 6:46', '74 min', 'C103', 4, 7, 2),
       (default, '24-02-28 5:01', '69 min', 'C104', 5, 8, 2),
       (default, '24-06-20 4:58', '83 min', 'C105', 6, 9, 2);
INSERT INTO time_slot (time_slot_id, date, duration, location, lesson_id, instructor_id, payment_id)
VALUES (default, '24-04-01 4:52', '48 min', 'A100', 7, 1, 3),
       (default, '24-09-22 8:07', '62 min', 'A101', 8, 2, 3),
       (default, '24-05-14 1:46', '49 min', 'A102', 9, 3, 3),
       (default, '24-07-30 4:14', '69 min', 'A103', 7, 4, 3),
       (default, '24-11-28 3:03', '52 min', 'A104', 8, 5, 3),
       (default, '24-01-08 4:23', '46 min', 'A105', 9, 6, 3),
       (default, '24-02-03 3:27', '58 min', 'B100', 7, 7, 3),
       (default, '24-10-31 8:18', '53 min', 'B101', 8, 8, 3),
       (default, '24-12-15 1:28', '88 min', 'B102', 9, 9, 3),
       (default, '24-12-19 11:38', '63 min', 'B103', 7, 1, 3),
       (default, '24-08-29 2:25', '58 min', 'B104', 8, 2, 3),
       (default, '24-06-08 3:07', '54 min', 'B105', 9, 3, 3),
       (default, '24-06-08 2:17', '84 min', 'C100', 7, 4, 3),
       (default, '24-03-23 11:52', '55 min', 'C101', 8, 5, 3),
       (default, '24-04-28 12:23', '71 min', 'C102', 9, 6, 3),
       (default, '24-03-06 12:40', '58 min', 'C103', 7, 7, 3),
       (default, '24-08-28 1:23', '80 min', 'C104', 8, 8, 3),
       (default, '24-06-09 2:48', '58 min', 'C105', 9, 9, 3),
       (default, '24-02-09 10:12', '55 min', 'A100', 7, 1, 3),
       (default, '24-07-04 3:09', '58 min', 'A101', 8, 2, 3),
       (default, '24-04-27 7:01', '72 min', 'A102', 9, 3, 3),
       (default, '24-10-29 11:02', '51 min', 'A103', 7, 4, 3),
       (default, '24-08-27 9:36', '48 min', 'A104', 8, 5, 3),
       (default, '24-12-08 7:27', '84 min', 'A105', 9, 6, 3),
       (default, '24-12-17 2:57', '88 min', 'B100', 7, 7, 3),
       (default, '24-07-31 2:03', '76 min', 'B101', 8, 8, 3),
       (default, '24-01-16 3:44', '61 min', 'B102', 9, 9, 3),
       (default, '24-02-24 9:58', '63 min', 'B103', 7, 1, 3),
       (default, '24-04-23 2:24', '59 min', 'B104', 8, 2, 3),
       (default, '24-06-03 11:47', '46 min', 'B105', 9, 3, 3),
       (default, '24-10-20 1:55', '71 min', 'C100', 7, 4, 3),
       (default, '24-10-22 5:40', '61 min', 'C101', 8, 5, 3),
       (default, '24-12-15 2:06', '73 min', 'C102', 9, 6, 3),
       (default, '24-09-11 8:42', '81 min', 'C103', 7, 7, 3),
       (default, '24-09-17 1:13', '52 min', 'C104', 8, 8, 3),
       (default, '24-11-23 10:53', '73 min', 'C105', 9, 9, 3),
       (default, '24-07-16 8:05', '59 min', 'A100', 7, 1, 3),
       (default, '24-05-16 11:56', '48 min', 'A101', 8, 2, 3),
       (default, '24-05-01 1:13', '61 min', 'A102', 9, 3, 3),
       (default, '24-05-01 1:35', '52 min', 'A103', 7, 4, 3),
       (default, '24-02-08 6:19', '47 min', 'A104', 8, 5, 3),
       (default, '24-06-30 1:45', '83 min', 'A105', 9, 6, 3),
       (default, '24-07-06 10:27', '62 min', 'B100', 7, 7, 3),
       (default, '24-05-31 7:28', '63 min', 'B101', 8, 8, 3),
       (default, '24-03-29 11:53', '64 min', 'B102', 9, 9, 3),
       (default, '24-08-05 4:40', '69 min', 'B103', 7, 1, 3),
       (default, '24-08-20 4:59', '60 min', 'B104', 8, 2, 3),
       (default, '24-07-03 10:08', '54 min', 'B105', 9, 3, 3),
       (default, '24-08-18 6:11', '59 min', 'C100', 7, 4, 3),
       (default, '24-02-19 10:06', '54 min', 'C101', 8, 5, 3);
INSERT INTO time_slot (time_slot_id, date, duration, location, lesson_id, instructor_id, payment_id)
VALUES (default, '24-11-16 4:09', '50 min', 'C102', 9, 6, 3),
       (default, '24-03-25 7:44', '47 min', 'C103', 7, 7, 3),
       (default, '24-06-01 9:15', '90 min', 'C104', 8, 8, 3),
       (default, '24-05-21 6:43', '61 min', 'C105', 9, 9, 3),
       (default, '24-09-04 12:12', '69 min', 'A100', 7, 1, 3),
       (default, '24-08-03 1:16', '70 min', 'A101', 8, 2, 3),
       (default, '24-05-22 8:49', '74 min', 'A102', 9, 3, 3),
       (default, '24-11-01 9:19', '58 min', 'A103', 7, 4, 3),
       (default, '24-02-28 3:46', '64 min', 'A104', 8, 5, 3),
       (default, '24-08-10 11:28', '77 min', 'A105', 9, 6, 3),
       (default, '24-01-05 8:45', '85 min', 'B100', 7, 7, 3),
       (default, '24-06-05 12:13', '59 min', 'B101', 8, 8, 3),
       (default, '24-12-31 2:21', '46 min', 'B102', 9, 9, 3),
       (default, '24-02-28 7:56', '67 min', 'B103', 7, 1, 3),
       (default, '24-09-16 9:38', '70 min', 'B104', 8, 2, 3),
       (default, '24-04-07 6:26', '62 min', 'B105', 9, 3, 3),
       (default, '24-02-25 10:17', '73 min', 'C100', 7, 4, 3),
       (default, '24-07-07 11:38', '50 min', 'C101', 8, 5, 3),
       (default, '24-05-06 3:59', '78 min', 'C102', 9, 6, 3),
       (default, '24-02-03 4:44', '80 min', 'C103', 7, 7, 3),
       (default, '24-07-10 4:58', '56 min', 'C104', 8, 8, 3),
       (default, '24-08-19 11:46', '66 min', 'C105', 9, 9, 3),
       (default, '24-03-01 9:31', '47 min', 'A100', 7, 1, 3),
       (default, '24-12-02 11:25', '72 min', 'A101', 8, 2, 3),
       (default, '24-11-27 1:14', '72 min', 'A102', 9, 3, 3),
       (default, '24-03-03 10:56', '77 min', 'A103', 7, 4, 3),
       (default, '24-10-11 8:59', '62 min', 'A104', 8, 5, 3),
       (default, '24-01-04 1:08', '71 min', 'A105', 9, 6, 3),
       (default, '24-08-20 12:05', '53 min', 'B100', 7, 7, 3),
       (default, '24-07-08 8:28', '54 min', 'B101', 8, 8, 3),
       (default, '24-11-08 9:07', '63 min', 'B102', 9, 9, 3),
       (default, '24-03-12 10:36', '81 min', 'B103', 7, 1, 3),
       (default, '24-05-27 1:32', '66 min', 'B104', 8, 2, 3),
       (default, '24-04-30 3:26', '47 min', 'B105', 9, 3, 3),
       (default, '24-01-22 7:53', '68 min', 'C100', 7, 4, 3),
       (default, '24-01-08 4:58', '46 min', 'C101', 8, 5, 3),
       (default, '24-02-24 11:03', '82 min', 'C102', 9, 6, 3),
       (default, '24-07-26 7:25', '52 min', 'C103', 7, 7, 3),
       (default, '24-09-30 9:52', '85 min', 'C104', 8, 8, 3),
       (default, '24-03-20 2:18', '49 min', 'C105', 9, 9, 3);
INSERT INTO time_slot (time_slot_id, date, duration, location, lesson_id, instructor_id, payment_id)
VALUES (default, '24-11-17 3:07', '83 min', 'A100', 10, 1, 4),
       (default, '24-01-12 6:39', '76 min', 'A101', 13, 4, 5),
       (default, '24-06-23 3:45', '54 min', 'A102', 16, 7, 6),
       (default, '24-04-25 2:20', '47 min', 'A103', 19, 10, 7),
       (default, '24-03-29 2:42', '73 min', 'A104', 22, 13, 8),
       (default, '24-05-26 1:06', '87 min', 'A105', 25, 16, 9),
       (default, '24-04-17 9:10', '60 min', 'B100', 10, 19, 4),
       (default, '24-02-07 5:52', '84 min', 'B101', 13, 22, 5),
       (default, '24-06-03 7:03', '65 min', 'B102', 16, 25, 6),
       (default, '24-05-27 8:24', '64 min', 'B103', 19, 28, 7),
       (default, '24-08-06 4:48', '76 min', 'B104', 22, 29, 8),
       (default, '24-01-10 10:24', '67 min', 'B105', 25, 30, 9),
       (default, '24-02-08 10:38', '76 min', 'C100', 10, 1, 4),
       (default, '24-10-19 9:51', '70 min', 'C101', 13, 4, 5),
       (default, '24-01-21 9:23', '71 min', 'C102', 16, 7, 6),
       (default, '24-10-14 2:00', '84 min', 'C103', 19, 10, 7),
       (default, '24-01-08 5:05', '47 min', 'C104', 22, 13, 8),
       (default, '24-07-10 10:28', '66 min', 'C105', 25, 16, 9),
       (default, '24-12-20 12:37', '57 min', 'A100', 10, 19, 4),
       (default, '24-02-17 4:50', '66 min', 'A101', 13, 22, 5),
       (default, '24-04-26 2:00', '61 min', 'A102', 16, 25, 6),
       (default, '24-05-03 4:40', '82 min', 'A103', 19, 28, 7),
       (default, '24-11-29 5:17', '88 min', 'A104', 22, 29, 8),
       (default, '24-05-21 5:40', '75 min', 'A105', 25, 30, 9),
       (default, '24-06-22 5:18', '47 min', 'B100', 10, 1, 4),
       (default, '24-11-03 4:50', '80 min', 'B101', 13, 4, 5),
       (default, '24-06-03 3:24', '85 min', 'B102', 16, 7, 6),
       (default, '24-07-02 7:29', '52 min', 'B103', 19, 10, 7),
       (default, '24-06-10 7:56', '89 min', 'B104', 22, 13, 8),
       (default, '24-06-14 12:19', '80 min', 'B105', 25, 16, 9),
       (default, '24-06-23 7:14', '65 min', 'C100', 10, 19, 4),
       (default, '24-11-19 1:36', '54 min', 'C101', 13, 22, 5),
       (default, '24-07-27 1:47', '53 min', 'C102', 16, 25, 6),
       (default, '24-07-03 3:14', '87 min', 'C103', 19, 28, 7),
       (default, '24-07-31 6:23', '55 min', 'C104', 22, 29, 8),
       (default, '24-08-17 8:35', '50 min', 'C105', 25, 30, 9),
       (default, '24-05-07 4:35', '81 min', 'A100', 10, 1, 4),
       (default, '24-05-18 5:49', '60 min', 'A101', 13, 4, 5),
       (default, '24-05-14 11:47', '67 min', 'A102', 16, 7, 6),
       (default, '24-05-14 3:17', '83 min', 'A103', 19, 10, 7),
       (default, '24-07-10 3:59', '71 min', 'A104', 22, 13, 8),
       (default, '24-01-08 12:50', '76 min', 'A105', 25, 16, 9),
       (default, '24-03-28 6:28', '61 min', 'B100', 10, 19, 4),
       (default, '24-03-09 8:37', '66 min', 'B101', 13, 22, 5),
       (default, '24-02-17 9:37', '83 min', 'B102', 16, 25, 6),
       (default, '24-12-17 8:06', '81 min', 'B103', 19, 28, 7),
       (default, '24-01-11 1:20', '61 min', 'B104', 22, 29, 8),
       (default, '24-12-03 4:39', '85 min', 'B105', 25, 30, 9),
       (default, '24-06-26 9:33', '59 min', 'C100', 10, 1, 4),
       (default, '24-02-03 7:28', '64 min', 'C101', 13, 4, 5);
INSERT INTO time_slot (time_slot_id, date, duration, location, lesson_id, instructor_id, payment_id)
VALUES (default, '24-05-29 8:07', '62 min', 'C102', 16, 7, 6),
       (default, '24-12-13 4:53', '78 min', 'C103', 19, 10, 7),
       (default, '24-11-02 12:56', '65 min', 'C104', 22, 13, 8),
       (default, '24-06-26 11:00', '61 min', 'C105', 25, 16, 9),
       (default, '24-01-17 12:09', '78 min', 'A100', 10, 19, 4),
       (default, '24-01-12 10:52', '61 min', 'A101', 13, 22, 5),
       (default, '24-01-12 10:56', '63 min', 'A102', 16, 25, 6),
       (default, '24-06-17 2:48', '45 min', 'A103', 19, 28, 7),
       (default, '24-04-27 9:18', '70 min', 'A104', 22, 29, 8),
       (default, '24-01-31 10:32', '69 min', 'A105', 25, 30, 9),
       (default, '24-06-06 9:53', '49 min', 'B100', 10, 1, 4),
       (default, '24-06-24 2:29', '87 min', 'B101', 13, 4, 5),
       (default, '24-07-21 6:01', '79 min', 'B102', 16, 7, 6),
       (default, '24-09-11 1:45', '71 min', 'B103', 19, 10, 7),
       (default, '24-08-30 8:38', '75 min', 'B104', 22, 13, 8),
       (default, '24-07-12 1:41', '63 min', 'B105', 25, 16, 9),
       (default, '24-07-24 3:16', '89 min', 'C100', 10, 19, 4),
       (default, '24-07-18 9:34', '55 min', 'C101', 13, 22, 5),
       (default, '24-06-10 11:35', '76 min', 'C102', 16, 25, 6),
       (default, '24-02-11 11:17', '59 min', 'C103', 19, 28, 7),
       (default, '24-06-26 9:50', '52 min', 'C104', 22, 29, 8),
       (default, '24-05-08 10:24', '47 min', 'C105', 25, 30, 9),
       (default, '24-02-13 1:36', '58 min', 'A100', 10, 1, 4),
       (default, '24-03-31 4:45', '47 min', 'A101', 13, 4, 5),
       (default, '24-08-22 11:10', '54 min', 'A102', 16, 7, 6),
       (default, '24-06-25 9:52', '71 min', 'A103', 19, 10, 7),
       (default, '24-01-14 11:13', '83 min', 'A104', 22, 13, 8),
       (default, '24-06-19 1:46', '83 min', 'A105', 25, 16, 9),
       (default, '24-10-10 4:50', '86 min', 'B100', 10, 19, 4),
       (default, '24-06-16 9:10', '82 min', 'B101', 13, 22, 5),
       (default, '24-12-10 4:49', '57 min', 'B102', 16, 25, 6),
       (default, '24-01-24 8:28', '60 min', 'B103', 19, 28, 7),
       (default, '24-05-18 12:30', '73 min', 'B104', 22, 29, 8),
       (default, '24-04-02 4:49', '51 min', 'B105', 25, 30, 9),
       (default, '24-05-22 12:02', '58 min', 'C100', 10, 1, 4),
       (default, '24-10-20 3:04', '80 min', 'C101', 13, 4, 5),
       (default, '24-03-06 12:10', '68 min', 'C102', 16, 7, 6),
       (default, '24-08-24 9:34', '67 min', 'C103', 19, 10, 7),
       (default, '24-04-12 10:56', '75 min', 'C104', 22, 13, 8),
       (default, '24-02-07 6:09', '87 min', 'C105', 25, 16, 9),
       (default, '24-10-07 2:57', '68 min', 'A100', 10, 19, 4),
       (default, '24-11-12 8:12', '87 min', 'A101', 13, 22, 5),
       (default, '24-10-29 5:38', '58 min', 'A102', 16, 25, 6),
       (default, '24-02-01 5:13', '71 min', 'A103', 19, 28, 7),
       (default, '24-05-07 5:54', '53 min', 'A104', 22, 29, 8),
       (default, '24-02-07 5:28', '65 min', 'A105', 25, 30, 9),
       (default, '24-03-06 3:37', '88 min', 'B100', 10, 1, 4),
       (default, '24-12-17 7:40', '80 min', 'B101', 13, 4, 5),
       (default, '24-06-12 6:14', '49 min', 'B102', 16, 7, 6),
       (default, '24-07-05 5:27', '52 min', 'B103', 19, 10, 7);
INSERT INTO time_slot (time_slot_id, date, duration, location, lesson_id, instructor_id, payment_id)
VALUES (default, '24-11-16 2:17', '82 min', 'B104', 22, 13, 8),
       (default, '24-06-24 1:09', '56 min', 'B105', 25, 16, 9),
       (default, '24-10-04 8:39', '54 min', 'C100', 10, 19, 4),
       (default, '24-01-15 12:23', '77 min', 'C101', 13, 22, 5),
       (default, '24-07-13 8:30', '65 min', 'C102', 16, 25, 6),
       (default, '24-12-19 5:08', '51 min', 'C103', 19, 28, 7),
       (default, '24-02-17 4:59', '76 min', 'C104', 22, 29, 8),
       (default, '24-12-02 11:00', '76 min', 'C105', 25, 30, 9),
       (default, '24-09-14 2:14', '50 min', 'A100', 10, 1, 4),
       (default, '24-09-23 3:44', '74 min', 'A101', 13, 4, 5),
       (default, '24-03-19 8:44', '70 min', 'A102', 16, 7, 6),
       (default, '24-06-22 7:45', '53 min', 'A103', 19, 10, 7),
       (default, '24-04-13 2:15', '90 min', 'A104', 22, 13, 8),
       (default, '24-06-10 11:50', '51 min', 'A105', 25, 16, 9),
       (default, '24-07-21 11:53', '81 min', 'B100', 10, 19, 4),
       (default, '24-08-06 3:44', '51 min', 'B101', 13, 22, 5),
       (default, '24-05-19 10:16', '69 min', 'B102', 16, 25, 6),
       (default, '24-06-11 2:55', '64 min', 'B103', 19, 28, 7),
       (default, '24-11-07 5:23', '87 min', 'B104', 22, 29, 8),
       (default, '24-07-19 11:37', '78 min', 'B105', 25, 30, 9),
       (default, '24-10-06 2:29', '75 min', 'C100', 10, 1, 4),
       (default, '24-04-10 7:09', '80 min', 'C101', 13, 4, 5),
       (default, '24-05-16 8:50', '82 min', 'C102', 16, 7, 6),
       (default, '24-04-15 7:57', '74 min', 'C103', 19, 10, 7),
       (default, '24-09-09 11:40', '49 min', 'C104', 22, 13, 8),
       (default, '24-12-07 2:56', '71 min', 'C105', 25, 16, 9),
       (default, '24-03-07 1:17', '80 min', 'A100', 10, 19, 4),
       (default, '24-06-19 2:35', '56 min', 'A101', 13, 22, 5),
       (default, '24-12-09 11:12', '57 min', 'A102', 16, 25, 6),
       (default, '24-01-06 2:58', '46 min', 'A103', 19, 28, 7),
       (default, '24-01-03 4:53', '71 min', 'A104', 22, 29, 8),
       (default, '24-07-05 7:25', '45 min', 'A105', 25, 30, 9),
       (default, '24-11-05 2:21', '61 min', 'B100', 10, 1, 4),
       (default, '24-07-31 9:09', '83 min', 'B101', 13, 4, 5),
       (default, '24-08-17 11:39', '46 min', 'B102', 16, 7, 6),
       (default, '24-01-01 9:14', '82 min', 'B103', 19, 10, 7),
       (default, '24-10-04 11:57', '82 min', 'B104', 22, 13, 8),
       (default, '24-10-26 10:08', '78 min', 'B105', 25, 16, 9),
       (default, '24-12-24 3:51', '72 min', 'C100', 10, 19, 4),
       (default, '24-01-02 7:40', '85 min', 'C101', 13, 22, 5),
       (default, '24-02-12 12:25', '46 min', 'C102', 16, 25, 6),
       (default, '24-12-16 3:48', '57 min', 'C103', 19, 28, 7),
       (default, '24-02-21 11:39', '64 min', 'C104', 22, 29, 8),
       (default, '24-07-23 9:55', '75 min', 'C105', 25, 30, 9),
       (default, '24-07-21 4:40', '55 min', 'A100', 10, 1, 4),
       (default, '24-07-17 4:48', '59 min', 'A101', 13, 4, 5),
       (default, '24-11-22 3:10', '61 min', 'A102', 16, 7, 6),
       (default, '24-08-28 2:16', '90 min', 'A103', 19, 10, 7),
       (default, '24-05-21 11:29', '68 min', 'A104', 22, 13, 8),
       (default, '24-04-02 1:35', '60 min', 'A105', 25, 16, 9);
INSERT INTO time_slot (time_slot_id, date, duration, location, lesson_id, instructor_id, payment_id)
VALUES (default, '24-11-17 4:10', '51 min', 'B100', 10, 19, 4),
       (default, '24-08-26 6:29', '57 min', 'B101', 13, 22, 5),
       (default, '24-05-19 7:57', '82 min', 'B102', 16, 25, 6),
       (default, '24-12-17 1:05', '55 min', 'B103', 19, 28, 7),
       (default, '24-10-18 11:51', '71 min', 'B104', 22, 29, 8),
       (default, '24-12-04 6:53', '66 min', 'B105', 25, 30, 9),
       (default, '24-06-03 1:28', '83 min', 'C100', 10, 1, 4),
       (default, '24-02-11 7:39', '58 min', 'C101', 13, 4, 5),
       (default, '24-01-12 11:19', '89 min', 'C102', 16, 7, 6),
       (default, '24-10-25 7:56', '68 min', 'C103', 19, 10, 7),
       (default, '24-03-12 2:39', '61 min', 'C104', 22, 13, 8),
       (default, '24-04-24 11:40', '64 min', 'C105', 25, 16, 9),
       (default, '24-01-21 6:44', '58 min', 'A100', 10, 19, 4),
       (default, '24-01-29 8:47', '50 min', 'A101', 13, 22, 5),
       (default, '24-12-01 1:43', '87 min', 'A102', 16, 25, 6),
       (default, '24-03-31 3:28', '67 min', 'A103', 19, 28, 7),
       (default, '24-08-14 4:05', '67 min', 'A104', 22, 29, 8),
       (default, '24-08-01 5:05', '52 min', 'A105', 25, 30, 9),
       (default, '24-02-09 10:33', '76 min', 'B100', 10, 1, 4),
       (default, '24-07-14 9:12', '66 min', 'B101', 13, 4, 5),
       (default, '24-09-26 3:44', '47 min', 'B102', 16, 7, 6),
       (default, '24-10-09 6:46', '78 min', 'B103', 19, 10, 7),
       (default, '24-04-04 1:56', '57 min', 'B104', 22, 13, 8),
       (default, '24-06-18 2:41', '51 min', 'B105', 25, 16, 9),
       (default, '24-12-04 10:11', '72 min', 'C100', 10, 19, 4),
       (default, '24-08-14 1:38', '87 min', 'C101', 13, 22, 5),
       (default, '24-08-11 12:40', '89 min', 'C102', 16, 25, 6),
       (default, '24-12-11 1:49', '57 min', 'C103', 19, 28, 7),
       (default, '24-04-27 7:29', '48 min', 'C104', 22, 29, 8),
       (default, '24-09-05 1:14', '66 min', 'C105', 25, 30, 9);
INSERT INTO time_slot (time_slot_id, date, duration, location, lesson_id, instructor_id, payment_id)
VALUES (default, '24-12-21 9:34', '53 min', 'A100', 11, 2, 4),
       (default, '24-04-12 12:13', '45 min', 'A101', 14, 5, 5),
       (default, '24-08-02 8:20', '89 min', 'A102', 17, 8, 6),
       (default, '24-01-19 7:38', '59 min', 'A103', 20, 11, 7),
       (default, '24-03-16 12:30', '83 min', 'A104', 23, 14, 8),
       (default, '24-12-19 6:16', '56 min', 'A105', 26, 17, 9),
       (default, '24-12-25 5:27', '74 min', 'B100', 11, 20, 4),
       (default, '24-09-26 7:56', '72 min', 'B101', 14, 23, 5),
       (default, '24-05-02 1:44', '66 min', 'B102', 17, 26, 6),
       (default, '24-04-14 1:08', '59 min', 'B103', 20, 2, 7),
       (default, '24-05-19 4:50', '82 min', 'B104', 23, 5, 8),
       (default, '24-10-10 3:30', '64 min', 'B105', 26, 8, 9),
       (default, '24-11-07 10:52', '89 min', 'C100', 11, 11, 4),
       (default, '24-03-27 11:45', '51 min', 'C101', 14, 14, 5),
       (default, '24-02-27 7:43', '85 min', 'C102', 17, 17, 6),
       (default, '24-08-02 9:36', '46 min', 'C103', 20, 20, 7),
       (default, '24-09-17 9:43', '71 min', 'C104', 23, 23, 8),
       (default, '24-11-18 5:29', '81 min', 'C105', 26, 26, 9),
       (default, '24-08-18 12:46', '55 min', 'A100', 11, 2, 4),
       (default, '24-07-30 8:19', '70 min', 'A101', 14, 5, 5),
       (default, '24-03-27 11:54', '63 min', 'A102', 17, 8, 6),
       (default, '24-11-27 11:07', '84 min', 'A103', 20, 11, 7),
       (default, '24-08-13 3:50', '79 min', 'A104', 23, 14, 8),
       (default, '24-12-24 4:53', '55 min', 'A105', 26, 17, 9),
       (default, '24-01-29 7:19', '89 min', 'B100', 11, 20, 4),
       (default, '24-02-05 3:52', '69 min', 'B101', 14, 23, 5),
       (default, '24-06-03 2:21', '82 min', 'B102', 17, 26, 6),
       (default, '24-01-27 5:22', '81 min', 'B103', 20, 2, 7),
       (default, '24-10-01 10:47', '51 min', 'B104', 23, 5, 8),
       (default, '24-02-19 9:02', '66 min', 'B105', 26, 8, 9),
       (default, '24-01-04 10:01', '73 min', 'C100', 11, 11, 4),
       (default, '24-06-05 3:25', '54 min', 'C101', 14, 14, 5),
       (default, '24-05-22 12:11', '53 min', 'C102', 17, 17, 6),
       (default, '24-07-22 9:53', '46 min', 'C103', 20, 20, 7),
       (default, '24-01-22 6:06', '75 min', 'C104', 23, 23, 8),
       (default, '24-11-28 5:00', '48 min', 'C105', 26, 26, 9),
       (default, '24-03-28 5:37', '52 min', 'A100', 11, 2, 4),
       (default, '24-12-14 5:07', '89 min', 'A101', 14, 5, 5),
       (default, '24-08-10 8:46', '70 min', 'A102', 17, 8, 6),
       (default, '24-12-01 12:16', '50 min', 'A103', 20, 11, 7),
       (default, '24-01-21 2:43', '62 min', 'A104', 23, 14, 8),
       (default, '24-05-26 7:58', '80 min', 'A105', 26, 17, 9),
       (default, '24-01-04 2:08', '57 min', 'B100', 11, 20, 4),
       (default, '24-06-28 1:36', '57 min', 'B101', 14, 23, 5),
       (default, '24-01-28 2:35', '71 min', 'B102', 17, 26, 6),
       (default, '24-05-15 11:21', '87 min', 'B103', 20, 2, 7),
       (default, '24-08-13 12:06', '48 min', 'B104', 23, 5, 8),
       (default, '24-11-01 8:23', '64 min', 'B105', 26, 8, 9),
       (default, '24-07-10 1:17', '57 min', 'C100', 11, 11, 4),
       (default, '24-09-23 5:15', '57 min', 'C101', 14, 14, 5);
INSERT INTO time_slot (time_slot_id, date, duration, location, lesson_id, instructor_id, payment_id)
VALUES (default, '24-12-11 2:50', '86 min', 'C102', 17, 17, 6),
       (default, '24-03-22 3:33', '56 min', 'C103', 20, 20, 7),
       (default, '24-03-28 5:07', '72 min', 'C104', 23, 23, 8),
       (default, '24-05-04 8:37', '73 min', 'C105', 26, 26, 9),
       (default, '24-05-25 9:51', '47 min', 'A100', 11, 2, 4),
       (default, '24-10-31 7:01', '70 min', 'A101', 14, 5, 5),
       (default, '24-03-01 10:44', '60 min', 'A102', 17, 8, 6),
       (default, '24-04-27 11:55', '73 min', 'A103', 20, 11, 7),
       (default, '24-01-23 12:13', '62 min', 'A104', 23, 14, 8),
       (default, '24-02-14 2:18', '46 min', 'A105', 26, 17, 9),
       (default, '24-06-27 4:37', '76 min', 'B100', 11, 20, 4),
       (default, '24-08-31 5:38', '85 min', 'B101', 14, 23, 5),
       (default, '24-12-31 11:36', '90 min', 'B102', 17, 26, 6),
       (default, '24-11-06 3:31', '86 min', 'B103', 20, 2, 7),
       (default, '24-11-15 4:49', '52 min', 'B104', 23, 5, 8),
       (default, '24-11-23 4:21', '58 min', 'B105', 26, 8, 9),
       (default, '24-01-13 12:55', '46 min', 'C100', 11, 11, 4),
       (default, '24-06-26 2:44', '66 min', 'C101', 14, 14, 5),
       (default, '24-06-10 8:40', '50 min', 'C102', 17, 17, 6),
       (default, '24-02-01 8:31', '73 min', 'C103', 20, 20, 7),
       (default, '24-09-26 12:20', '53 min', 'C104', 23, 23, 8),
       (default, '24-01-15 9:51', '78 min', 'C105', 26, 26, 9),
       (default, '24-08-20 2:12', '73 min', 'A100', 11, 2, 4),
       (default, '24-05-05 10:15', '64 min', 'A101', 14, 5, 5),
       (default, '24-11-19 12:14', '79 min', 'A102', 17, 8, 6),
       (default, '24-05-29 12:55', '87 min', 'A103', 20, 11, 7),
       (default, '24-02-07 11:18', '60 min', 'A104', 23, 14, 8),
       (default, '24-07-31 5:09', '82 min', 'A105', 26, 17, 9),
       (default, '24-03-16 8:02', '52 min', 'B100', 11, 20, 4),
       (default, '24-10-19 10:25', '71 min', 'B101', 14, 23, 5),
       (default, '24-02-02 10:31', '65 min', 'B102', 17, 26, 6),
       (default, '24-09-26 9:07', '70 min', 'B103', 20, 2, 7),
       (default, '24-04-27 12:10', '55 min', 'B104', 23, 5, 8),
       (default, '24-04-02 5:20', '63 min', 'B105', 26, 8, 9),
       (default, '24-09-18 7:07', '79 min', 'C100', 11, 11, 4),
       (default, '24-03-19 8:32', '85 min', 'C101', 14, 14, 5),
       (default, '24-08-01 8:34', '73 min', 'C102', 17, 17, 6),
       (default, '24-06-22 12:46', '63 min', 'C103', 20, 20, 7),
       (default, '24-03-21 4:20', '72 min', 'C104', 23, 23, 8),
       (default, '24-11-21 8:06', '81 min', 'C105', 26, 26, 9),
       (default, '24-07-17 7:25', '87 min', 'A100', 11, 2, 4),
       (default, '24-01-13 12:37', '78 min', 'A101', 14, 5, 5),
       (default, '24-12-17 10:26', '85 min', 'A102', 17, 8, 6),
       (default, '24-01-19 12:04', '81 min', 'A103', 20, 11, 7),
       (default, '24-03-17 6:33', '80 min', 'A104', 23, 14, 8),
       (default, '24-10-23 3:30', '63 min', 'A105', 26, 17, 9),
       (default, '24-10-12 9:40', '76 min', 'B100', 11, 20, 4),
       (default, '24-08-16 6:41', '71 min', 'B101', 14, 23, 5),
       (default, '24-06-24 12:31', '55 min', 'B102', 17, 26, 6),
       (default, '24-08-26 3:03', '87 min', 'B103', 20, 2, 7);
INSERT INTO time_slot (time_slot_id, date, duration, location, lesson_id, instructor_id, payment_id)
VALUES (default, '24-11-27 8:32', '63 min', 'B104', 23, 5, 8),
       (default, '24-03-17 4:46', '46 min', 'B105', 26, 8, 9),
       (default, '24-08-17 9:19', '46 min', 'C100', 11, 11, 4),
       (default, '24-10-27 8:02', '58 min', 'C101', 14, 14, 5),
       (default, '24-03-04 2:50', '63 min', 'C102', 17, 17, 6),
       (default, '24-03-03 6:48', '54 min', 'C103', 20, 20, 7),
       (default, '24-06-22 7:47', '48 min', 'C104', 23, 23, 8),
       (default, '24-05-25 8:32', '50 min', 'C105', 26, 26, 9),
       (default, '24-09-28 1:46', '87 min', 'A100', 11, 2, 4),
       (default, '24-05-17 10:57', '61 min', 'A101', 14, 5, 5),
       (default, '24-11-21 2:10', '47 min', 'A102', 17, 8, 6),
       (default, '24-03-08 12:15', '90 min', 'A103', 20, 11, 7),
       (default, '24-01-29 11:32', '76 min', 'A104', 23, 14, 8),
       (default, '24-11-22 11:25', '46 min', 'A105', 26, 17, 9),
       (default, '24-03-12 1:14', '63 min', 'B100', 11, 20, 4),
       (default, '24-06-15 5:12', '61 min', 'B101', 14, 23, 5),
       (default, '24-08-29 9:04', '76 min', 'B102', 17, 26, 6),
       (default, '24-05-18 2:36', '58 min', 'B103', 20, 2, 7),
       (default, '24-04-04 7:06', '90 min', 'B104', 23, 5, 8),
       (default, '24-11-22 7:20', '74 min', 'B105', 26, 8, 9),
       (default, '24-11-29 4:00', '50 min', 'C100', 11, 11, 4),
       (default, '24-07-18 11:21', '60 min', 'C101', 14, 14, 5),
       (default, '24-01-20 10:29', '60 min', 'C102', 17, 17, 6),
       (default, '24-08-02 9:06', '68 min', 'C103', 20, 20, 7),
       (default, '24-09-09 2:58', '46 min', 'C104', 23, 23, 8),
       (default, '24-07-12 1:19', '60 min', 'C105', 26, 26, 9),
       (default, '24-04-23 4:07', '77 min', 'A100', 11, 2, 4),
       (default, '24-08-13 7:23', '63 min', 'A101', 14, 5, 5),
       (default, '24-05-05 1:58', '57 min', 'A102', 17, 8, 6),
       (default, '24-05-15 4:53', '64 min', 'A103', 20, 11, 7),
       (default, '24-02-27 7:13', '80 min', 'A104', 23, 14, 8),
       (default, '24-05-31 4:43', '83 min', 'A105', 26, 17, 9),
       (default, '24-09-20 9:20', '69 min', 'B100', 11, 20, 4),
       (default, '24-11-22 8:48', '70 min', 'B101', 14, 23, 5),
       (default, '24-08-18 4:31', '65 min', 'B102', 17, 26, 6),
       (default, '24-10-03 9:28', '57 min', 'B103', 20, 2, 7),
       (default, '24-10-23 10:58', '55 min', 'B104', 23, 5, 8),
       (default, '24-06-11 6:39', '52 min', 'B105', 26, 8, 9),
       (default, '24-11-12 6:03', '83 min', 'C100', 11, 11, 4),
       (default, '24-06-01 3:59', '61 min', 'C101', 14, 14, 5),
       (default, '24-04-04 2:46', '45 min', 'C102', 17, 17, 6),
       (default, '24-03-03 10:27', '48 min', 'C103', 20, 20, 7),
       (default, '24-02-03 3:55', '57 min', 'C104', 23, 23, 8),
       (default, '24-12-08 6:58', '72 min', 'C105', 26, 26, 9),
       (default, '24-03-19 4:12', '72 min', 'A100', 11, 2, 4),
       (default, '24-04-24 8:16', '49 min', 'A101', 14, 5, 5),
       (default, '24-11-15 9:19', '68 min', 'A102', 17, 8, 6),
       (default, '24-11-25 4:43', '61 min', 'A103', 20, 11, 7),
       (default, '24-05-02 9:14', '78 min', 'A104', 23, 14, 8),
       (default, '24-02-04 11:17', '78 min', 'A105', 26, 17, 9);
INSERT INTO time_slot (time_slot_id, date, duration, location, lesson_id, instructor_id, payment_id)
VALUES (default, '24-01-13 2:32', '83 min', 'B100', 11, 20, 4),
       (default, '24-05-27 4:34', '83 min', 'B101', 14, 23, 5),
       (default, '24-01-23 5:52', '81 min', 'B102', 17, 26, 6),
       (default, '24-06-14 12:16', '74 min', 'B103', 20, 2, 7),
       (default, '24-02-04 4:06', '70 min', 'B104', 23, 5, 8),
       (default, '24-06-05 4:53', '50 min', 'B105', 26, 8, 9),
       (default, '24-07-13 12:25', '73 min', 'C100', 11, 11, 4),
       (default, '24-05-10 8:43', '73 min', 'C101', 14, 14, 5),
       (default, '24-11-07 1:24', '84 min', 'C102', 17, 17, 6),
       (default, '24-07-14 7:00', '84 min', 'C103', 20, 20, 7),
       (default, '24-10-22 11:48', '49 min', 'C104', 23, 23, 8),
       (default, '24-03-31 6:27', '69 min', 'C105', 26, 26, 9),
       (default, '24-06-06 2:44', '48 min', 'A100', 11, 2, 4),
       (default, '24-04-10 12:51', '71 min', 'A101', 14, 5, 5),
       (default, '24-03-01 10:07', '85 min', 'A102', 17, 8, 6),
       (default, '24-02-06 8:39', '65 min', 'A103', 20, 11, 7),
       (default, '24-03-19 4:29', '62 min', 'A104', 23, 14, 8),
       (default, '24-08-28 4:12', '86 min', 'A105', 26, 17, 9),
       (default, '24-01-15 6:05', '75 min', 'B100', 11, 20, 4),
       (default, '24-03-02 4:43', '77 min', 'B101', 14, 23, 5),
       (default, '24-05-07 2:41', '56 min', 'B102', 17, 26, 6),
       (default, '24-05-31 10:52', '89 min', 'B103', 20, 2, 7),
       (default, '24-04-07 9:12', '71 min', 'B104', 23, 5, 8),
       (default, '24-05-03 3:16', '48 min', 'B105', 26, 8, 9),
       (default, '24-02-24 2:48', '72 min', 'C100', 11, 11, 4),
       (default, '24-04-28 6:06', '67 min', 'C101', 14, 14, 5),
       (default, '24-07-28 5:47', '64 min', 'C102', 17, 17, 6),
       (default, '24-04-21 11:39', '53 min', 'C103', 20, 20, 7),
       (default, '24-11-17 9:32', '73 min', 'C104', 23, 23, 8),
       (default, '24-04-22 3:11', '56 min', 'C105', 26, 26, 9);

INSERT INTO time_slot (time_slot_id, date, duration, location, lesson_id, instructor_id, payment_id)
VALUES (default, '24-05-26 4:33', '68 min', 'A100', 12, 3, 4),
       (default, '24-05-24 3:57', '71 min', 'A101', 15, 6, 5),
       (default, '24-02-20 1:41', '75 min', 'A102', 18, 9, 6),
       (default, '24-07-09 2:49', '86 min', 'A103', 21, 12, 7),
       (default, '24-05-01 1:30', '56 min', 'A104', 24, 15, 8),
       (default, '24-05-31 2:40', '89 min', 'A105', 27, 18, 9),
       (default, '24-06-30 9:24', '77 min', 'B100', 12, 21, 4),
       (default, '24-06-15 12:01', '76 min', 'B101', 15, 24, 5),
       (default, '24-03-15 9:57', '50 min', 'B102', 18, 27, 6),
       (default, '24-08-27 6:36', '86 min', 'B103', 21, 3, 7),
       (default, '24-01-16 9:25', '63 min', 'B104', 24, 6, 8),
       (default, '24-05-29 4:48', '88 min', 'B105', 27, 9, 9),
       (default, '24-01-19 2:41', '79 min', 'C100', 12, 12, 4),
       (default, '24-08-02 4:21', '87 min', 'C101', 15, 15, 5),
       (default, '24-05-11 3:47', '77 min', 'C102', 18, 18, 6),
       (default, '24-05-06 2:33', '67 min', 'C103', 21, 21, 7),
       (default, '24-02-12 6:42', '47 min', 'C104', 24, 24, 8),
       (default, '24-02-05 1:34', '86 min', 'C105', 27, 27, 9),
       (default, '24-12-18 1:40', '62 min', 'A100', 12, 3, 4),
       (default, '24-01-17 6:48', '70 min', 'A101', 15, 6, 5),
       (default, '24-05-06 9:35', '85 min', 'A102', 18, 9, 6),
       (default, '24-01-15 9:37', '70 min', 'A103', 21, 12, 7),
       (default, '24-04-24 2:51', '50 min', 'A104', 24, 15, 8),
       (default, '24-07-28 8:00', '57 min', 'A105', 27, 18, 9),
       (default, '24-10-25 5:31', '56 min', 'B100', 12, 21, 4),
       (default, '24-01-18 11:13', '89 min', 'B101', 15, 24, 5),
       (default, '24-03-25 1:43', '55 min', 'B102', 18, 27, 6),
       (default, '24-02-27 7:42', '76 min', 'B103', 21, 3, 7),
       (default, '24-01-27 9:42', '71 min', 'B104', 24, 6, 8),
       (default, '24-06-06 3:26', '53 min', 'B105', 27, 9, 9),
       (default, '24-02-02 12:48', '74 min', 'C100', 12, 12, 4),
       (default, '24-07-03 3:43', '69 min', 'C101', 15, 15, 5),
       (default, '24-06-30 11:38', '47 min', 'C102', 18, 18, 6),
       (default, '24-07-17 10:18', '67 min', 'C103', 21, 21, 7),
       (default, '24-12-18 4:12', '76 min', 'C104', 24, 24, 8),
       (default, '24-04-15 6:31', '62 min', 'C105', 27, 27, 9),
       (default, '24-07-04 3:49', '69 min', 'A100', 12, 3, 4),
       (default, '24-11-02 11:15', '54 min', 'A101', 15, 6, 5),
       (default, '24-01-23 5:29', '76 min', 'A102', 18, 9, 6),
       (default, '24-06-12 6:00', '55 min', 'A103', 21, 12, 7),
       (default, '24-02-18 11:52', '87 min', 'A104', 24, 15, 8),
       (default, '24-12-09 10:01', '80 min', 'A105', 27, 18, 9),
       (default, '24-03-26 2:17', '78 min', 'B100', 12, 21, 4),
       (default, '24-10-07 7:54', '65 min', 'B101', 15, 24, 5),
       (default, '24-05-05 5:43', '56 min', 'B102', 18, 27, 6),
       (default, '24-02-27 2:12', '84 min', 'B103', 21, 3, 7),
       (default, '24-09-22 8:13', '82 min', 'B104', 24, 6, 8),
       (default, '24-05-02 4:27', '81 min', 'B105', 27, 9, 9),
       (default, '24-05-19 10:14', '84 min', 'C100', 12, 12, 4),
       (default, '24-05-21 7:05', '68 min', 'C101', 15, 15, 5);
INSERT INTO time_slot (time_slot_id, date, duration, location, lesson_id, instructor_id, payment_id)
VALUES (default, '24-07-11 1:30', '47 min', 'C102', 18, 18, 6),
       (default, '24-12-29 12:10', '64 min', 'C103', 21, 21, 7),
       (default, '24-05-04 2:28', '46 min', 'C104', 24, 24, 8),
       (default, '24-03-16 3:42', '87 min', 'C105', 27, 27, 9),
       (default, '24-04-28 7:18', '69 min', 'A100', 12, 3, 4),
       (default, '24-11-24 1:20', '87 min', 'A101', 15, 6, 5),
       (default, '24-12-10 1:22', '47 min', 'A102', 18, 9, 6),
       (default, '24-11-18 1:52', '74 min', 'A103', 21, 12, 7),
       (default, '24-10-11 7:54', '59 min', 'A104', 24, 15, 8),
       (default, '24-04-14 8:01', '78 min', 'A105', 27, 18, 9),
       (default, '24-08-03 9:32', '87 min', 'B100', 12, 21, 4),
       (default, '24-07-16 1:56', '73 min', 'B101', 15, 24, 5),
       (default, '24-03-02 11:24', '71 min', 'B102', 18, 27, 6),
       (default, '24-10-09 2:11', '84 min', 'B103', 21, 3, 7),
       (default, '24-04-23 7:21', '55 min', 'B104', 24, 6, 8),
       (default, '24-11-17 11:29', '88 min', 'B105', 27, 9, 9),
       (default, '24-10-29 11:58', '50 min', 'C100', 12, 12, 4),
       (default, '24-02-23 6:06', '89 min', 'C101', 15, 15, 5),
       (default, '24-09-06 5:40', '47 min', 'C102', 18, 18, 6),
       (default, '24-04-26 3:09', '90 min', 'C103', 21, 21, 7),
       (default, '24-03-20 1:51', '75 min', 'C104', 24, 24, 8),
       (default, '24-11-13 5:31', '63 min', 'C105', 27, 27, 9),
       (default, '24-06-24 6:25', '51 min', 'A100', 12, 3, 4),
       (default, '24-06-04 2:28', '74 min', 'A101', 15, 6, 5),
       (default, '24-10-28 3:00', '61 min', 'A102', 18, 9, 6),
       (default, '24-09-16 5:06', '84 min', 'A103', 21, 12, 7),
       (default, '24-02-05 4:08', '73 min', 'A104', 24, 15, 8),
       (default, '24-01-09 6:30', '58 min', 'A105', 27, 18, 9),
       (default, '24-03-31 10:03', '75 min', 'B100', 12, 21, 4),
       (default, '24-08-22 5:17', '83 min', 'B101', 15, 24, 5),
       (default, '24-11-05 10:07', '74 min', 'B102', 18, 27, 6),
       (default, '24-06-24 2:49', '57 min', 'B103', 21, 3, 7),
       (default, '24-11-24 4:43', '64 min', 'B104', 24, 6, 8),
       (default, '24-03-24 3:41', '49 min', 'B105', 27, 9, 9),
       (default, '24-09-15 8:00', '55 min', 'C100', 12, 12, 4),
       (default, '24-07-26 11:25', '69 min', 'C101', 15, 15, 5),
       (default, '24-11-12 6:32', '55 min', 'C102', 18, 18, 6),
       (default, '24-05-17 11:49', '47 min', 'C103', 21, 21, 7),
       (default, '24-07-10 2:54', '60 min', 'C104', 24, 24, 8),
       (default, '24-06-09 12:03', '60 min', 'C105', 27, 27, 9),
       (default, '24-10-08 5:22', '81 min', 'A100', 12, 3, 4),
       (default, '24-07-19 2:43', '66 min', 'A101', 15, 6, 5),
       (default, '24-08-26 5:29', '47 min', 'A102', 18, 9, 6),
       (default, '24-02-20 12:03', '59 min', 'A103', 21, 12, 7),
       (default, '24-09-28 7:05', '82 min', 'A104', 24, 15, 8),
       (default, '24-07-16 1:10', '55 min', 'A105', 27, 18, 9),
       (default, '24-10-27 12:53', '50 min', 'B100', 12, 21, 4),
       (default, '24-06-17 4:54', '74 min', 'B101', 15, 24, 5),
       (default, '24-02-18 8:44', '67 min', 'B102', 18, 27, 6),
       (default, '24-06-16 8:58', '70 min', 'B103', 21, 3, 7);
INSERT INTO time_slot (time_slot_id, date, duration, location, lesson_id, instructor_id, payment_id)
VALUES (default, '24-04-01 10:08', '90 min', 'B104', 24, 6, 8),
       (default, '24-02-24 8:50', '85 min', 'B105', 27, 9, 9),
       (default, '24-11-25 12:40', '60 min', 'C100', 12, 12, 4),
       (default, '24-12-29 7:46', '56 min', 'C101', 15, 15, 5),
       (default, '24-07-23 12:59', '52 min', 'C102', 18, 18, 6),
       (default, '24-05-27 7:08', '71 min', 'C103', 21, 21, 7),
       (default, '24-06-17 1:44', '76 min', 'C104', 24, 24, 8),
       (default, '24-03-14 10:27', '83 min', 'C105', 27, 27, 9),
       (default, '24-07-09 12:24', '49 min', 'A100', 12, 3, 4),
       (default, '24-03-11 4:56', '61 min', 'A101', 15, 6, 5),
       (default, '24-01-07 7:13', '80 min', 'A102', 18, 9, 6),
       (default, '24-05-08 3:50', '52 min', 'A103', 21, 12, 7),
       (default, '24-01-29 7:49', '72 min', 'A104', 24, 15, 8),
       (default, '24-06-06 8:18', '53 min', 'A105', 27, 18, 9),
       (default, '24-11-02 5:41', '58 min', 'B100', 12, 21, 4),
       (default, '24-07-18 5:21', '68 min', 'B101', 15, 24, 5),
       (default, '24-08-07 4:54', '53 min', 'B102', 18, 27, 6),
       (default, '24-12-27 9:28', '59 min', 'B103', 21, 3, 7),
       (default, '24-05-31 3:12', '62 min', 'B104', 24, 6, 8),
       (default, '24-04-18 9:37', '87 min', 'B105', 27, 9, 9),
       (default, '24-02-21 7:03', '70 min', 'C100', 12, 12, 4),
       (default, '24-02-26 7:53', '88 min', 'C101', 15, 15, 5),
       (default, '24-01-05 3:04', '85 min', 'C102', 18, 18, 6),
       (default, '24-08-08 5:17', '84 min', 'C103', 21, 21, 7),
       (default, '24-01-08 3:32', '77 min', 'C104', 24, 24, 8),
       (default, '24-06-19 12:50', '53 min', 'C105', 27, 27, 9),
       (default, '24-04-13 2:29', '58 min', 'A100', 12, 3, 4),
       (default, '24-08-07 6:26', '75 min', 'A101', 15, 6, 5),
       (default, '24-06-14 10:53', '86 min', 'A102', 18, 9, 6),
       (default, '24-05-17 5:55', '68 min', 'A103', 21, 12, 7),
       (default, '24-06-09 12:38', '86 min', 'A104', 24, 15, 8),
       (default, '24-01-25 12:39', '58 min', 'A105', 27, 18, 9),
       (default, '24-03-22 3:45', '78 min', 'B100', 12, 21, 4),
       (default, '24-10-29 10:18', '75 min', 'B101', 15, 24, 5),
       (default, '24-09-16 8:13', '49 min', 'B102', 18, 27, 6),
       (default, '24-12-28 5:23', '77 min', 'B103', 21, 3, 7),
       (default, '24-11-25 8:23', '74 min', 'B104', 24, 6, 8),
       (default, '24-05-28 7:38', '64 min', 'B105', 27, 9, 9),
       (default, '24-01-25 3:49', '84 min', 'C100', 12, 12, 4),
       (default, '24-01-17 8:10', '70 min', 'C101', 15, 15, 5),
       (default, '24-12-13 10:25', '60 min', 'C102', 18, 18, 6),
       (default, '24-04-16 10:11', '65 min', 'C103', 21, 21, 7),
       (default, '24-07-01 7:55', '78 min', 'C104', 24, 24, 8),
       (default, '24-11-12 6:48', '79 min', 'C105', 27, 27, 9),
       (default, '24-09-19 5:56', '88 min', 'A100', 12, 3, 4),
       (default, '24-05-14 6:08', '75 min', 'A101', 15, 6, 5),
       (default, '24-05-10 10:42', '60 min', 'A102', 18, 9, 6),
       (default, '24-04-14 10:17', '69 min', 'A103', 21, 12, 7),
       (default, '24-11-18 3:12', '70 min', 'A104', 24, 15, 8),
       (default, '24-05-15 3:10', '53 min', 'A105', 27, 18, 9);
INSERT INTO time_slot (time_slot_id, date, duration, location, lesson_id, instructor_id, payment_id)
VALUES (default, '24-12-28 9:08', '69 min', 'B100', 12, 21, 4),
       (default, '24-10-11 7:25', '75 min', 'B101', 15, 24, 5),
       (default, '24-02-25 9:21', '86 min', 'B102', 18, 27, 6),
       (default, '24-03-15 10:11', '70 min', 'B103', 21, 3, 7),
       (default, '24-11-30 10:54', '60 min', 'B104', 24, 6, 8),
       (default, '24-05-07 5:19', '45 min', 'B105', 27, 9, 9),
       (default, '24-08-01 12:15', '76 min', 'C100', 12, 12, 4),
       (default, '24-09-13 11:05', '60 min', 'C101', 15, 15, 5),
       (default, '24-08-26 5:37', '74 min', 'C102', 18, 18, 6),
       (default, '24-10-23 5:54', '63 min', 'C103', 21, 21, 7),
       (default, '24-01-12 1:44', '82 min', 'C104', 24, 24, 8),
       (default, '24-09-21 4:26', '64 min', 'C105', 27, 27, 9),
       (default, '24-06-01 1:27', '62 min', 'A100', 12, 3, 4),
       (default, '24-04-16 12:08', '68 min', 'A101', 15, 6, 5),
       (default, '24-05-24 4:45', '51 min', 'A102', 18, 9, 6),
       (default, '24-02-07 10:07', '60 min', 'A103', 21, 12, 7),
       (default, '24-12-15 2:09', '45 min', 'A104', 24, 15, 8),
       (default, '24-03-17 7:23', '87 min', 'A105', 27, 18, 9),
       (default, '24-07-02 5:45', '72 min', 'B100', 12, 21, 4),
       (default, '24-05-31 9:54', '79 min', 'B101', 15, 24, 5),
       (default, '24-08-09 10:31', '52 min', 'B102', 18, 27, 6),
       (default, '24-05-10 2:00', '76 min', 'B103', 21, 3, 7),
       (default, '24-05-30 2:11', '75 min', 'B104', 24, 6, 8),
       (default, '24-01-31 7:27', '56 min', 'B105', 27, 9, 9),
       (default, '24-11-27 5:02', '60 min', 'C100', 12, 12, 4),
       (default, '24-02-19 12:44', '80 min', 'C101', 15, 15, 5),
       (default, '24-01-03 12:44', '78 min', 'C102', 18, 18, 6),
       (default, '24-01-08 7:42', '70 min', 'C103', 21, 21, 7),
       (default, '24-06-21 4:39', '86 min', 'C104', 24, 24, 8),
       (default, '24-10-21 9:27', '78 min', 'C105', 27, 27, 9);


INSERT INTO enrollment (lesson_id, student_id)
VALUES (1, 31),
       (1, 32),
       (1, 33),
       (1, 34),
       (1, 35),
       (1, 36),
       (1, 37),
       (1, 38),
       (1, 39),
       (1, 40),
       (1, 41),
       (2, 42),
       (2, 43),
       (2, 44),
       (2, 45),
       (2, 46),
       (2, 47),
       (2, 48),
       (2, 49),
       (2, 50),
       (2, 51),
       (2, 52),
       (3, 53),
       (3, 54),
       (3, 55),
       (3, 56),
       (3, 57),
       (3, 58),
       (3, 59),
       (3, 60),
       (3, 61),
       (3, 62),
       (3, 63),
       (4, 64),
       (4, 65),
       (4, 66),
       (4, 67),
       (4, 68),
       (4, 69),
       (4, 70),
       (4, 71),
       (4, 72),
       (4, 73),
       (4, 74),
       (5, 75),
       (5, 76),
       (5, 77),
       (5, 78),
       (5, 79),
       (5, 80);
INSERT INTO enrollment (lesson_id, student_id)
VALUES (5, 81),
       (5, 82),
       (5, 83),
       (5, 84),
       (5, 85),
       (6, 86),
       (6, 87),
       (6, 88),
       (6, 89),
       (6, 90),
       (6, 91),
       (6, 92),
       (6, 93),
       (6, 94),
       (6, 95),
       (6, 96),
       (7, 97),
       (7, 98),
       (7, 99),
       (7, 100),
       (7, 101),
       (7, 102),
       (7, 103),
       (7, 104),
       (7, 105),
       (7, 106),
       (7, 107),
       (8, 108),
       (8, 109),
       (8, 110),
       (8, 111),
       (8, 112),
       (8, 113),
       (8, 114),
       (8, 115),
       (8, 116),
       (8, 117),
       (8, 118),
       (9, 119),
       (9, 120),
       (9, 121),
       (9, 122),
       (9, 123),
       (9, 124),
       (9, 125),
       (9, 126),
       (9, 127),
       (9, 128),
       (9, 129),
       (10, 130);
INSERT INTO enrollment (lesson_id, student_id)
VALUES (10, 131),
       (10, 132),
       (10, 133),
       (10, 134),
       (10, 135),
       (10, 136),
       (10, 137),
       (10, 138),
       (10, 139),
       (10, 140),
       (11, 141),
       (11, 142),
       (11, 143),
       (11, 144),
       (11, 145),
       (11, 146),
       (11, 147),
       (11, 148),
       (11, 149),
       (11, 150),
       (11, 151),
       (12, 152),
       (12, 153),
       (12, 154),
       (12, 155),
       (12, 156),
       (12, 157),
       (12, 158),
       (12, 159),
       (12, 160),
       (12, 161),
       (12, 162),
       (13, 163),
       (13, 164),
       (13, 165),
       (13, 166),
       (13, 167),
       (13, 168),
       (13, 169),
       (13, 170),
       (13, 171),
       (13, 172),
       (13, 173),
       (14, 174),
       (14, 175),
       (14, 176),
       (14, 177),
       (14, 178),
       (14, 179),
       (14, 180);
INSERT INTO enrollment (lesson_id, student_id)
VALUES (14, 181),
       (14, 182),
       (14, 183),
       (14, 184),
       (15, 185),
       (15, 186),
       (15, 187),
       (15, 188),
       (15, 189),
       (15, 190),
       (15, 191),
       (15, 192),
       (15, 193),
       (15, 194),
       (15, 195),
       (16, 196),
       (16, 197),
       (16, 198),
       (16, 199),
       (16, 200),
       (16, 201),
       (16, 202),
       (16, 203),
       (16, 204),
       (16, 205),
       (16, 206),
       (17, 207),
       (17, 208),
       (17, 209),
       (17, 210),
       (17, 211),
       (17, 212),
       (17, 213),
       (17, 214),
       (17, 215),
       (17, 216),
       (17, 217),
       (18, 218),
       (18, 219),
       (18, 220),
       (18, 221),
       (18, 222),
       (18, 223),
       (18, 224),
       (18, 225),
       (18, 226),
       (18, 227),
       (18, 228),
       (19, 229),
       (19, 230);
INSERT INTO enrollment (lesson_id, student_id)
VALUES (19, 231),
       (19, 232),
       (19, 233),
       (19, 234),
       (19, 235),
       (19, 236),
       (19, 237),
       (19, 238),
       (19, 239),
       (20, 240),
       (20, 241),
       (20, 242),
       (20, 243),
       (20, 244),
       (20, 245),
       (20, 246),
       (20, 247),
       (20, 248),
       (20, 249),
       (20, 250),
       (21, 251),
       (21, 252),
       (21, 253),
       (21, 254),
       (21, 255),
       (21, 256),
       (21, 257),
       (21, 258),
       (21, 259),
       (21, 260),
       (21, 261),
       (22, 262),
       (22, 263),
       (22, 264),
       (22, 265),
       (22, 266),
       (22, 267),
       (22, 268),
       (22, 269),
       (22, 270),
       (22, 271),
       (22, 272),
       (23, 273),
       (23, 274),
       (23, 275),
       (23, 276),
       (23, 277),
       (23, 278),
       (23, 279),
       (23, 280);
INSERT INTO enrollment (lesson_id, student_id)
VALUES (23, 281),
       (23, 282),
       (23, 283),
       (24, 284),
       (24, 285),
       (24, 286),
       (24, 287),
       (24, 288),
       (24, 289),
       (24, 290),
       (24, 291),
       (24, 292),
       (24, 293),
       (24, 294),
       (25, 295),
       (25, 296),
       (25, 297),
       (25, 298),
       (25, 299),
       (25, 300),
       (25, 301),
       (25, 302),
       (25, 303),
       (25, 304),
       (25, 305),
       (26, 306),
       (26, 307),
       (26, 308),
       (26, 309),
       (26, 310),
       (26, 311),
       (26, 312),
       (26, 313),
       (26, 314),
       (26, 315),
       (26, 316),
       (27, 317),
       (27, 318),
       (27, 319),
       (27, 320),
       (27, 321),
       (27, 322),
       (27, 323),
       (27, 324),
       (27, 325),
       (27, 326),
       (27, 327),
       (19, 328),
       (22, 329),
       (25, 330);

CREATE OR REPLACE PROCEDURE update_student_history(_student_id BIGINT[])
    LANGUAGE PLPGSQL
AS
$$
DECLARE
    _lesson_id    BIGINT[];
    DECLARE
    _time_slot_id BIGINT[];
    DECLARE
    s_id          BIGINT;
    DECLARE
    l_id          BIGINT;
    DECLARE
    t_id          BIGINT;
BEGIN
    FOREACH s_id IN ARRAY _student_id
        LOOP
            _lesson_id := ARRAY(SELECT lesson_id FROM enrollment WHERE student_id = s_id);
            FOREACH l_id IN ARRAY _lesson_id
                LOOP
                    _time_slot_id := ARRAY(SELECT time_slot_id FROM time_slot WHERE lesson_id = l_id);
                    FOREACH t_id IN ARRAY _time_slot_id
                        LOOP
                            IF (NOT EXISTS(SELECT 1
                                           FROM student_history
                                           WHERE student_id = s_id
                                             AND time_slot_id = t_id)) THEN
                                INSERT INTO student_history VALUES (s_id, t_id);
                            END IF;
                        END LOOP;
                END LOOP;
        END LOOP;
END;
$$;

CALL update_student_history('{31,32,33,34,35,36,37,38,39,40,41,42,43,44,45,46,47,48,49,50,51,52,53,54,55,56,57,58,59,60,61,62,63,64,65,66,67,68,69,70,71,72,73,74,75,76,77,78,79,80,81,82,83,84,85,86,87,88,89,90,91,92,93,94,95,96,97,98,99,100,101,102,103,104,105,106,107,108,109,110,111,112,113,114,115,116,117,118,119,120,121,122,123,124,125,126,127,128,129,130,131,132,133,134,135,136,137,138,139,140,141,142,143,144,145,146,147,148,149,150,151,152,153,154,155,156,157,158,159,160,161,162,163,164,165,166,167,168,169,170,171,172,173,174,175,176,177,178,179,180,181,182,183,184,185,186,187,188,189,190,191,192,193,194,195,196,197,198,199,200,201,202,203,204,205,206,207,208,209,210,211,212,213,214,215,216,217,218,219,220,221,222,223,224,225,226,227,228,229,230,231,232,233,234,235,236,237,238,239,240,241,242,243,244,245,246,247,248,249,250,251,252,253,254,255,256,257,258,259,260,261,262,263,264,265,266,267,268,269,270,271,272,273,274,275,276,277,278,279,280,281,282,283,284,285,286,287,288,289,290,291,292,293,294,295,296,297,298,299,300,301,302,303,304,305,306,307,308,309,310,311,312,313,314,315,316,317,318,319,320,321,322,323,324,325,326,327,328,329,330}');

CREATE OR REPLACE PROCEDURE make_siblings(_student_id BIGINT[])
    LANGUAGE PLPGSQL
AS
$$
DECLARE
    s_id BIGINT;
    DECLARE
    f_id BIGINT := nextval('student_family_id_seq');
BEGIN

    FOREACH s_id IN ARRAY _student_id
        LOOP
            UPDATE student SET family_id = f_id WHERE student_id = s_id;
        END LOOP;
END;
$$;

CALL make_siblings('{31,32}');
CALL make_siblings('{33,34}');
CALL make_siblings('{35,36}');
CALL make_siblings('{37,38}');
CALL make_siblings('{39,40}');
CALL make_siblings('{41,42}');
CALL make_siblings('{43,44}');
CALL make_siblings('{45,46}');
CALL make_siblings('{47,48}');
CALL make_siblings('{49,50}');
CALL make_siblings('{51,52}');
CALL make_siblings('{53,54}');
CALL make_siblings('{55,56}');
CALL make_siblings('{57,58}');
CALL make_siblings('{59,60}');
CALL make_siblings('{61,62}');
CALL make_siblings('{63,64}');
CALL make_siblings('{65,66}');
CALL make_siblings('{67,68}');
CALL make_siblings('{69,70}');

CALL make_siblings('{71,72,73}');
CALL make_siblings('{74,75,76}');
CALL make_siblings('{77,78,79}');
CALL make_siblings('{80,81,82}');
CALL make_siblings('{83,84,85}');
CALL make_siblings('{86,87,88}');
CALL make_siblings('{89,90,91}');
CALL make_siblings('{92,93,94}');
CALL make_siblings('{95,96,97}');
CALL make_siblings('{98,99,100}');

CALL make_siblings('{101,102,103,104,105}');
CALL make_siblings('{106,107,108,109,110}');
CALL make_siblings('{111,112,113,114,115}');
CALL make_siblings('{116,117,118,119,120}');
CALL make_siblings('{121,122,123,124,125}');

INSERT INTO instrument_specification (instrument_specification_id, type, brand)
VALUES (default, 'Bass', 'A'),
       (default, 'Bass', 'B'),
       (default, 'Bass', 'C'),
       (default, 'Guitar', 'A'),
       (default, 'Guitar', 'B'),
       (default, 'Guitar', 'C'),
       (default, 'Drums', 'A'),
       (default, 'Drums', 'B'),
       (default, 'Drums', 'C');

INSERT INTO instrument (instrument_id, description, instrument_specification_id)
VALUES (default, 'eget tincidunt dui augue eu tellus. Phasellus elit', 1),
       (default, 'enim. Etiam imperdiet dictum magna.', 1),
       (default, 'ullamcorper. Duis cursus, diam at pretium aliquet, metus urna', 1),
       (default, 'volutpat. Nulla facilisis. Suspendisse commodo tincidunt nibh. Phasellus nulla. Integer', 1),
       (default, 'nulla vulputate dui, nec', 1),
       (default, 'lectus pede, ultrices a,', 1),
       (default, 'consectetuer euismod est arcu', 1),
       (default, 'pretium aliquet, metus urna', 1),
       (default, 'eget, volutpat ornare, facilisis eget, ipsum. Donec sollicitudin adipiscing', 1),
       (default, 'Donec elementum, lorem ut aliquam iaculis,', 1),
       (default, 'vehicula. Pellentesque tincidunt tempus risus. Donec egestas. Duis', 1),
       (default, 'vel, vulputate eu, odio. Phasellus at augue', 1),
       (default, 'ac mattis velit justo nec ante.', 1),
       (default, 'porttitor tellus non', 1),
       (default, 'mauris. Suspendisse aliquet molestie', 1),
       (default, 'urna convallis', 1),
       (default, 'Suspendisse sagittis. Nullam vitae', 1),
       (default, 'mauris eu elit. Nulla facilisi. Sed neque. Sed eget', 2),
       (default, 'felis. Donec', 2),
       (default, 'Fusce diam nunc, ullamcorper eu,', 2),
       (default, 'convallis dolor. Quisque tincidunt pede ac urna.', 2),
       (default, 'metus. Aliquam erat volutpat. Nulla facilisis. Suspendisse commodo tincidunt', 2),
       (default, 'iaculis, lacus pede sagittis augue, eu tempor', 2),
       (default, 'Quisque fringilla', 2),
       (default, 'amet, dapibus id, blandit at, nisi. Cum sociis', 2),
       (default, 'sit amet risus. Donec egestas. Aliquam', 2),
       (default, 'Cras dolor dolor, tempus non, lacinia at, iaculis', 2),
       (default, 'habitant morbi tristique senectus', 2),
       (default, 'at pede. Cras vulputate velit eu sem. Pellentesque ut ipsum', 2),
       (default, 'non, luctus sit amet, faucibus ut, nulla.', 2),
       (default, 'Nulla semper tellus id nunc', 2),
       (default, 'imperdiet ullamcorper. Duis at lacus. Quisque purus sapien,', 2),
       (default, 'quis, tristique', 2),
       (default, 'Maecenas libero est, congue', 2),
       (default, 'lorem lorem, luctus ut, pellentesque eget,', 3),
       (default, 'eget, venenatis a, magna. Lorem ipsum dolor sit', 3),
       (default, 'id risus quis', 3),
       (default, 'pede blandit congue. In scelerisque', 3),
       (default, 'nibh. Quisque nonummy ipsum non arcu.', 3),
       (default, 'amet risus. Donec egestas. Aliquam nec enim. Nunc ut', 3),
       (default, 'dolor elit, pellentesque a, facilisis non,', 3),
       (default, 'dictum sapien. Aenean massa. Integer vitae nibh. Donec est', 3),
       (default, 'vitae, orci.', 3),
       (default, 'imperdiet ornare. In faucibus. Morbi', 3),
       (default, 'tincidunt pede ac urna. Ut tincidunt vehicula risus. Nulla eget', 3),
       (default, 'volutpat. Nulla facilisis. Suspendisse', 3),
       (default, 'lorem, eget', 3),
       (default, 'massa. Suspendisse eleifend. Cras', 3),
       (default, 'vitae semper egestas, urna', 3),
       (default, 'enim non nisi. Aenean eget metus. In', 3);
INSERT INTO instrument (instrument_id, description, instrument_specification_id)
VALUES (default, 'turpis. Nulla aliquet.', 3),
       (default, 'ac libero nec ligula consectetuer rhoncus. Nullam', 4),
       (default, 'Nulla tincidunt,', 4),
       (default, 'leo. Morbi neque tellus, imperdiet non, vestibulum nec,', 4),
       (default, 'urna suscipit nonummy. Fusce fermentum fermentum arcu.', 4),
       (default, 'sodales nisi', 4),
       (default, 'vulputate, posuere vulputate, lacus. Cras interdum. Nunc', 4),
       (default, 'elit. Nulla', 4),
       (default, 'eu, ultrices sit amet, risus.', 4),
       (default, 'luctus vulputate, nisi', 4),
       (default, 'nonummy ultricies ornare, elit elit fermentum risus, at fringilla', 4),
       (default, 'risus. Nunc ac sem ut dolor dapibus', 4),
       (default, 'pede et risus. Quisque libero', 4),
       (default, 'posuere vulputate, lacus. Cras interdum. Nunc sollicitudin commodo ipsum. Suspendisse', 4),
       (default, 'enim. Suspendisse aliquet, sem ut cursus luctus,', 4),
       (default, 'tempus eu, ligula. Aenean euismod mauris eu elit. Nulla', 4),
       (default, 'In at pede. Cras vulputate', 4),
       (default, 'Aliquam ornare,', 4),
       (default, 'Nullam vitae', 5),
       (default, 'eros. Proin ultrices. Duis volutpat', 5),
       (default, 'aliquet, sem ut cursus luctus,', 5),
       (default, 'sed dui. Fusce aliquam, enim nec tempus', 5),
       (default, 'Duis gravida. Praesent eu nulla at', 5),
       (default, 'auctor vitae,', 5),
       (default, 'arcu. Nunc mauris. Morbi non sapien molestie', 5),
       (default, 'cursus', 5),
       (default, 'mauris erat eget ipsum. Suspendisse sagittis. Nullam vitae diam.', 5),
       (default, 'non, egestas a, dui. Cras pellentesque. Sed dictum. Proin eget', 5),
       (default, 'arcu. Sed eu nibh vulputate mauris sagittis', 5),
       (default, 'dictum mi,', 5),
       (default, 'metus. Aliquam erat volutpat. Nulla facilisis. Suspendisse commodo', 5),
       (default, 'Donec tempor, est ac mattis semper, dui lectus rutrum', 5),
       (default, 'purus sapien, gravida non, sollicitudin', 5),
       (default, 'Sed auctor', 5),
       (default, 'suscipit nonummy. Fusce fermentum', 5),
       (default, 'quam dignissim pharetra. Nam ac nulla. In tincidunt', 6),
       (default, 'neque. Morbi quis', 6),
       (default, 'Donec egestas. Aliquam nec enim.', 6),
       (default, 'tempor bibendum. Donec felis orci, adipiscing non, luctus sit amet,', 6),
       (default, 'diam luctus lobortis.', 6),
       (default, 'lacus. Quisque purus sapien, gravida non, sollicitudin', 6),
       (default, 'mollis. Integer', 6),
       (default, 'nec mauris blandit mattis. Cras eget nisi', 6),
       (default, 'Maecenas iaculis aliquet diam. Sed diam lorem, auctor quis,', 6),
       (default, 'ultricies adipiscing,', 6),
       (default, 'Sed nec metus facilisis', 6),
       (default, 'et magnis', 6),
       (default, 'aliquam, enim nec tempus scelerisque, lorem ipsum sodales', 6),
       (default, 'arcu ac', 6),
       (default, 'Curabitur consequat, lectus sit amet luctus vulputate, nisi sem semper', 6);
INSERT INTO instrument (instrument_id, description, instrument_specification_id)
VALUES (default, 'Phasellus nulla. Integer vulputate, risus', 6),
       (default, 'vel quam dignissim pharetra. Nam ac nulla. In tincidunt', 6),
       (default, 'pretium et,', 7),
       (default, 'In faucibus. Morbi vehicula. Pellentesque tincidunt', 7),
       (default, 'feugiat tellus lorem eu', 7),
       (default, 'tincidunt tempus risus. Donec egestas. Duis', 7),
       (default, 'dui, in sodales elit erat vitae risus. Duis', 7),
       (default, 'suscipit, est ac facilisis facilisis, magna', 7),
       (default, 'ac turpis egestas.', 7),
       (default, 'quam a felis ullamcorper viverra.', 7),
       (default, 'dictum mi, ac mattis velit justo nec ante. Maecenas', 7),
       (default, 'interdum. Sed', 7),
       (default, 'nibh vulputate mauris sagittis placerat. Cras dictum ultricies ligula.', 7),
       (default, 'magnis dis parturient', 7),
       (default, 'augue, eu tempor erat neque non', 7),
       (default, 'eu augue porttitor interdum.', 7),
       (default, 'libero et tristique pellentesque, tellus sem mollis', 7),
       (default, 'Quisque fringilla euismod enim.', 7),
       (default, 'Nunc commodo auctor velit. Aliquam nisl. Nulla', 7),
       (default, 'felis, adipiscing fringilla, porttitor vulputate, posuere vulputate,', 8),
       (default, 'est. Mauris eu', 8),
       (default, 'hendrerit id, ante. Nunc mauris sapien,', 8),
       (default, 'aliquet vel, vulputate eu, odio. Phasellus at augue id ante', 8),
       (default, 'euismod in, dolor. Fusce feugiat. Lorem ipsum dolor sit amet,', 8),
       (default, 'Sed eu nibh vulputate mauris sagittis placerat. Cras', 8),
       (default, 'quis, pede. Praesent eu dui. Cum sociis', 8),
       (default, 'dolor egestas rhoncus.', 8),
       (default, 'massa. Quisque porttitor eros nec tellus. Nunc lectus pede,', 8),
       (default, 'ipsum. Donec sollicitudin adipiscing ligula. Aenean gravida nunc sed', 8),
       (default, 'mauris id sapien. Cras dolor', 8),
       (default, 'neque non quam. Pellentesque habitant morbi', 8),
       (default, 'nec, cursus a, enim. Suspendisse aliquet, sem ut', 8),
       (default, 'odio. Phasellus at augue id', 8),
       (default, 'Aenean euismod mauris eu elit. Nulla facilisi. Sed', 8),
       (default, 'mollis. Duis sit amet diam eu dolor egestas rhoncus.', 8),
       (default, 'Sed auctor', 8),
       (default, 'Praesent eu dui. Cum', 9),
       (default, 'et, euismod et, commodo at, libero. Morbi accumsan laoreet ipsum.', 9),
       (default, 'sit amet lorem semper auctor. Mauris vel turpis. Aliquam adipiscing', 9),
       (default, 'sapien. Cras dolor dolor, tempus', 9),
       (default, 'lorem. Donec elementum, lorem ut aliquam iaculis, lacus', 9),
       (default, 'sapien, gravida non, sollicitudin a, malesuada id,', 9),
       (default, 'lacus pede sagittis augue, eu', 9),
       (default, 'nec tellus. Nunc lectus pede, ultrices a, auctor non,', 9),
       (default, 'sed, sapien.', 9),
       (default, 'aliquet, sem ut cursus luctus, ipsum leo elementum sem,', 9),
       (default, 'massa rutrum magna. Cras convallis', 9),
       (default, 'laoreet lectus quis massa. Mauris vestibulum,', 9),
       (default, 'ornare, facilisis eget, ipsum. Donec', 9),
       (default, 'eget varius ultrices, mauris ipsum porta elit, a feugiat tellus', 9),
       (default, 'laoreet lectus quis massa.', 9),
       (default, 'ornare, facilisis, ipsum. Donec', 9),
       (default, 'emauris ipsum porta elit, a feugiat tellus', 9);

INSERT INTO rent_price (rent_price_id, instrument_id, price, from_date, to_date)
VALUES (default, 1, 891, '2023-01-01', NULL),
       (default, 2, 927, '2023-01-01', NULL),
       (default, 3, 1230, '2023-01-01', NULL),
       (default, 4, 657, '2023-01-01', NULL),
       (default, 5, 1550, '2023-01-01', NULL),
       (default, 6, 2431, '2023-01-01', NULL),
       (default, 7, 2178, '2023-01-01', NULL),
       (default, 8, 1076, '2023-01-01', NULL),
       (default, 9, 2391, '2023-01-01', NULL),
       (default, 10, 996, '2023-01-01', NULL),
       (default, 11, 1508, '2023-01-01', NULL),
       (default, 12, 914, '2023-01-01', NULL),
       (default, 13, 1658, '2023-01-01', NULL),
       (default, 14, 1741, '2023-01-01', NULL),
       (default, 15, 662, '2023-01-01', NULL),
       (default, 16, 1791, '2023-01-01', NULL),
       (default, 17, 1942, '2023-01-01', NULL),
       (default, 18, 1404, '2023-01-01', NULL),
       (default, 19, 1548, '2023-01-01', NULL),
       (default, 20, 1505, '2023-01-01', NULL),
       (default, 21, 1839, '2023-01-01', NULL),
       (default, 22, 1938, '2023-01-01', NULL),
       (default, 23, 995, '2023-01-01', NULL),
       (default, 24, 772, '2023-01-01', NULL),
       (default, 25, 854, '2023-01-01', NULL),
       (default, 26, 2311, '2023-01-01', NULL),
       (default, 27, 897, '2023-01-01', NULL),
       (default, 28, 1525, '2023-01-01', NULL),
       (default, 29, 1999, '2023-01-01', NULL),
       (default, 30, 1735, '2023-01-01', NULL),
       (default, 31, 1962, '2023-01-01', NULL),
       (default, 32, 1556, '2023-01-01', NULL),
       (default, 33, 1237, '2023-01-01', NULL),
       (default, 34, 1502, '2023-01-01', NULL),
       (default, 35, 1471, '2023-01-01', NULL),
       (default, 36, 2394, '2023-01-01', NULL),
       (default, 37, 1126, '2023-01-01', NULL),
       (default, 38, 2465, '2023-01-01', NULL),
       (default, 39, 1108, '2023-01-01', NULL),
       (default, 40, 655, '2023-01-01', NULL),
       (default, 41, 2313, '2023-01-01', NULL),
       (default, 42, 723, '2023-01-01', NULL),
       (default, 43, 1415, '2023-01-01', NULL),
       (default, 44, 2329, '2023-01-01', NULL),
       (default, 45, 1280, '2023-01-01', NULL),
       (default, 46, 954, '2023-01-01', NULL),
       (default, 47, 1004, '2023-01-01', NULL),
       (default, 48, 1441, '2023-01-01', NULL),
       (default, 49, 1589, '2023-01-01', NULL),
       (default, 50, 2433, '2023-01-01', NULL);
INSERT INTO rent_price (rent_price_id, instrument_id, price, from_date,  to_date)
VALUES (default, 51, 1057, '2023-01-01', NULL),
       (default, 52, 2412, '2023-01-01', NULL),
       (default, 53, 2274, '2023-01-01', NULL),
       (default, 54, 1249, '2023-01-01', NULL),
       (default, 55, 1042, '2023-01-01', NULL),
       (default, 56, 2333, '2023-01-01', NULL),
       (default, 57, 1955, '2023-01-01', NULL),
       (default, 58, 2390, '2023-01-01', NULL),
       (default, 59, 1550, '2023-01-01', NULL),
       (default, 60, 1254, '2023-01-01', NULL),
       (default, 61, 1473, '2023-01-01', NULL),
       (default, 62, 1586, '2023-01-01', NULL),
       (default, 63, 1330, '2023-01-01', NULL),
       (default, 64, 2148, '2023-01-01', NULL),
       (default, 65, 2281, '2023-01-01', NULL),
       (default, 66, 2184, '2023-01-01', NULL),
       (default, 67, 1215, '2023-01-01', NULL),
       (default, 68, 1386, '2023-01-01', NULL),
       (default, 69, 2401, '2023-01-01', NULL),
       (default, 70, 2262, '2023-01-01', NULL),
       (default, 71, 2073, '2023-01-01', NULL),
       (default, 72, 1108, '2023-01-01', NULL),
       (default, 73, 1034, '2023-01-01', NULL),
       (default, 74, 1605, '2023-01-01', NULL),
       (default, 75, 2319, '2023-01-01', NULL),
       (default, 76, 1179, '2023-01-01', NULL),
       (default, 77, 1658, '2023-01-01', NULL),
       (default, 78, 1178, '2023-01-01', NULL),
       (default, 79, 554, '2023-01-01', NULL),
       (default, 80, 2066, '2023-01-01', NULL),
       (default, 81, 805, '2023-01-01', NULL),
       (default, 82, 1677, '2023-01-01', NULL),
       (default, 83, 502, '2023-01-01', NULL),
       (default, 84, 826, '2023-01-01', NULL),
       (default, 85, 1182, '2023-01-01', NULL),
       (default, 86, 1388, '2023-01-01', NULL),
       (default, 87, 578, '2023-01-01', NULL),
       (default, 88, 1792, '2023-01-01', NULL),
       (default, 89, 2436, '2023-01-01', NULL),
       (default, 90, 1255, '2023-01-01', NULL),
       (default, 91, 1091, '2023-01-01', NULL),
       (default, 92, 918, '2023-01-01', NULL),
       (default, 93, 851, '2023-01-01', NULL),
       (default, 94, 1223, '2023-01-01', NULL),
       (default, 95, 1001, '2023-01-01', NULL),
       (default, 96, 1622, '2023-01-01', NULL),
       (default, 97, 1295, '2023-01-01', NULL),
       (default, 98, 1133, '2023-01-01', NULL),
       (default, 99, 857, '2023-01-01', NULL),
       (default, 100, 2417, '2023-01-01', NULL);
INSERT INTO rent_price (rent_price_id, instrument_id, price, from_date,  to_date)
VALUES (default, 101, 1438, '2023-01-01', NULL),
       (default, 102, 2027, '2023-01-01', NULL),
       (default, 103, 1046, '2023-01-01', NULL),
       (default, 104, 1990, '2023-01-01', NULL),
       (default, 105, 2217, '2023-01-01', NULL),
       (default, 106, 2329, '2023-01-01', NULL),
       (default, 107, 2468, '2023-01-01', NULL),
       (default, 108, 850, '2023-01-01', NULL),
       (default, 109, 2085, '2023-01-01', NULL),
       (default, 110, 1193, '2023-01-01', NULL),
       (default, 111, 657, '2023-01-01', NULL),
       (default, 112, 723, '2023-01-01', NULL),
       (default, 113, 1229, '2023-01-01', NULL),
       (default, 114, 1318, '2023-01-01', NULL),
       (default, 115, 2100, '2023-01-01', NULL),
       (default, 116, 898, '2023-01-01', NULL),
       (default, 117, 745, '2023-01-01', NULL),
       (default, 118, 1566, '2023-01-01', NULL),
       (default, 119, 1451, '2023-01-01', NULL),
       (default, 120, 1455, '2023-01-01', NULL),
       (default, 121, 1925, '2023-01-01', NULL),
       (default, 122, 2231, '2023-01-01', NULL),
       (default, 123, 854, '2023-01-01', NULL),
       (default, 124, 1559, '2023-01-01', NULL),
       (default, 125, 1969, '2023-01-01', NULL),
       (default, 126, 2340, '2023-01-01', NULL),
       (default, 127, 2136, '2023-01-01', NULL),
       (default, 128, 1819, '2023-01-01', NULL),
       (default, 129, 621, '2023-01-01', NULL),
       (default, 130, 2112, '2023-01-01', NULL),
       (default, 131, 1590, '2023-01-01', NULL),
       (default, 132, 1245, '2023-01-01', NULL),
       (default, 133, 1444, '2023-01-01', NULL),
       (default, 134, 2133, '2023-01-01', NULL),
       (default, 135, 2386, '2023-01-01', NULL),
       (default, 136, 2054, '2023-01-01', NULL),
       (default, 137, 2097, '2023-01-01', NULL),
       (default, 138, 1416, '2023-01-01', NULL),
       (default, 139, 1764, '2023-01-01', NULL),
       (default, 140, 862, '2023-01-01', NULL),
       (default, 141, 895, '2023-01-01', NULL),
       (default, 142, 1501, '2023-01-01', NULL),
       (default, 143, 722, '2023-01-01', NULL),
       (default, 144, 2278, '2023-01-01', NULL),
       (default, 145, 586, '2023-01-01', NULL),
       (default, 146, 1582, '2023-01-01', NULL),
       (default, 147, 2294, '2023-01-01', NULL),
       (default, 148, 1889, '2023-01-01', NULL),
       (default, 149, 636, '2023-01-01', NULL),
       (default, 150, 1503, '2023-01-01', NULL);
INSERT INTO rent_price (rent_price_id, instrument_id, price, from_date,  to_date)
VALUES (default, 151, 2269, '2023-01-01', NULL),
       (default, 152, 919, '2023-01-01', NULL),
       (default, 153, 1366, '2023-01-01', NULL);

INSERT INTO lease (lease_id, rent_date, return_date, instrument_id, student_id, rent_price_id)
VALUES (default, '2024-01-06', '2024-08-31', 1, 31, 1),
       (default, '2024-03-20', '2024-09-18', 2, 32, 2),
       (default, '2024-02-07', '2024-11-12', 3, 33, 3),
       (default, '2024-04-26', '2024-07-10', 4, 34, 4),
       (default, '2024-04-03', '2024-10-16', 5, 35, 5),
       (default, '2024-05-17', '2024-09-16', 6, 36, 6),
       (default, '2024-03-13', '2024-12-23', 7, 37, 7),
       (default, '2024-03-12', '2024-08-19', 8, 38, 8),
       (default, '2024-06-27', '2024-12-11', 9, 39, 9),
       (default, '2024-03-08', '2024-08-15', 10, 40, 10),
       (default, '2024-05-23', '2024-12-19', 11, 41, 11);

INSERT INTO lease (lease_id, rent_date, return_date, instrument_id, student_id, rent_price_id)
VALUES (default, '2024-04-27', '2024-07-30', 52, 42, 52),
       (default, '2024-01-21', '2024-08-25', 53, 43, 53),
       (default, '2024-01-02', '2024-08-05', 54, 44, 54),
       (default, '2024-02-29', '2024-10-25', 55, 45, 55),
       (default, '2024-02-29', '2024-07-18', 56, 46, 56),
       (default, '2024-06-30', '2024-08-25', 57, 47, 57),
       (default, '2024-03-13', '2024-12-16', 58, 48, 58),
       (default, '2024-06-08', '2024-07-05', 59, 49, 59),
       (default, '2024-03-17', '2024-10-20', 60, 50, 60),
       (default, '2024-05-03', '2024-08-05', 61, 51, 61),
       (default, '2024-02-10', '2024-09-13', 62, 52, 62);
INSERT INTO lease (lease_id, rent_date, return_date, instrument_id, student_id, rent_price_id)
VALUES (default, '2024-05-14', '2024-12-06', 103, 53, 103),
       (default, '2024-06-16', '2024-11-10', 104, 54, 104),
       (default, '2024-03-29', '2024-11-04', 105, 55, 105),
       (default, '2024-04-25', '2024-08-11', 106, 56, 106),
       (default, '2024-04-09', '2024-09-27', 107, 57, 107),
       (default, '2024-06-18', '2024-10-02', 108, 58, 108),
       (default, '2024-03-26', '2024-10-28', 109, 59, 109),
       (default, '2024-01-12', '2024-09-08', 110, 60, 110),
       (default, '2024-06-06', '2024-12-04', 111, 61, 111),
       (default, '2024-05-03', '2024-09-04', 112, 62, 112),
       (default, '2024-05-29', '2024-10-06', 113, 63, 113);